-- phpMyAdmin SQL Dump
-- version 5.2.1
-- https://www.phpmyadmin.net/
--
-- Servidor: 127.0.0.1
-- Tiempo de generación: 29-10-2024 a las 19:22:45
-- Versión del servidor: 10.4.32-MariaDB
-- Versión de PHP: 8.2.12

SET SQL_MODE = "NO_AUTO_VALUE_ON_ZERO";
START TRANSACTION;
SET time_zone = "+00:00";


/*!40101 SET @OLD_CHARACTER_SET_CLIENT=@@CHARACTER_SET_CLIENT */;
/*!40101 SET @OLD_CHARACTER_SET_RESULTS=@@CHARACTER_SET_RESULTS */;
/*!40101 SET @OLD_COLLATION_CONNECTION=@@COLLATION_CONNECTION */;
/*!40101 SET NAMES utf8mb4 */;

--
-- Base de datos: `ticketera`
--

-- --------------------------------------------------------

--
-- Estructura de tabla para la tabla `asiento`
--

CREATE TABLE `asiento` (
  `idAsiento` int(11) NOT NULL,
  `columna` int(11) NOT NULL,
  `fila` char(1) NOT NULL,
  `Zona_idZona` int(11) NOT NULL
) ENGINE=InnoDB DEFAULT CHARSET=utf8 COLLATE=utf8_general_ci;

--
-- Volcado de datos para la tabla `asiento`
--

INSERT INTO `asiento` (`idAsiento`, `columna`, `fila`, `Zona_idZona`) VALUES
(1, 1, 'A', 1),
(2, 2, 'A', 1),
(3, 3, 'A', 1),
(4, 4, 'A', 1),
(5, 5, 'A', 1),
(6, 6, 'A', 1),
(7, 7, 'A', 1),
(8, 8, 'A', 1),
(9, 9, 'A', 1),
(10, 10, 'A', 1),
(11, 1, 'B', 1),
(12, 2, 'B', 1),
(13, 3, 'B', 1),
(14, 4, 'B', 1),
(15, 5, 'B', 1),
(16, 6, 'B', 1),
(17, 7, 'B', 1),
(18, 8, 'B', 1),
(19, 9, 'B', 1),
(20, 10, 'B', 1),
(21, 1, 'C', 1),
(22, 2, 'C', 1),
(23, 3, 'C', 1),
(24, 4, 'C', 1),
(25, 5, 'C', 1),
(26, 6, 'C', 1),
(27, 7, 'C', 1),
(28, 8, 'C', 1),
(29, 9, 'C', 1),
(30, 10, 'C', 1),
(31, 1, 'D', 1),
(32, 2, 'D', 1),
(33, 3, 'D', 1),
(34, 4, 'D', 1),
(35, 5, 'D', 1),
(36, 6, 'D', 1),
(37, 7, 'D', 1),
(38, 8, 'D', 1),
(39, 9, 'D', 1),
(40, 10, 'D', 1),
(41, 1, 'E', 1),
(42, 2, 'E', 1),
(43, 3, 'E', 1),
(44, 4, 'E', 1),
(45, 5, 'E', 1),
(46, 6, 'E', 1),
(47, 7, 'E', 1),
(48, 8, 'E', 1),
(49, 9, 'E', 1),
(50, 10, 'E', 1),
(51, 1, 'F', 1),
(52, 2, 'F', 1),
(53, 3, 'F', 1),
(54, 4, 'F', 1),
(55, 5, 'F', 1),
(56, 6, 'F', 1),
(57, 7, 'F', 1),
(58, 8, 'F', 1),
(59, 9, 'F', 1),
(60, 10, 'F', 1),
(61, 1, 'G', 1),
(62, 2, 'G', 1),
(63, 3, 'G', 1),
(64, 4, 'G', 1),
(65, 5, 'G', 1),
(66, 6, 'G', 1),
(67, 7, 'G', 1),
(68, 8, 'G', 1),
(69, 9, 'G', 1),
(70, 10, 'G', 1),
(71, 1, 'H', 1),
(72, 2, 'H', 1),
(73, 3, 'H', 1),
(74, 4, 'H', 1),
(75, 5, 'H', 1),
(76, 6, 'H', 1),
(77, 7, 'H', 1),
(78, 8, 'H', 1),
(79, 9, 'H', 1),
(80, 10, 'H', 1),
(81, 1, 'I', 1),
(82, 2, 'I', 1),
(83, 3, 'I', 1),
(84, 4, 'I', 1),
(85, 5, 'I', 1),
(86, 6, 'I', 1),
(87, 7, 'I', 1),
(88, 8, 'I', 1),
(89, 9, 'I', 1),
(90, 10, 'I', 1),
(91, 1, 'J', 1),
(92, 2, 'J', 1),
(93, 3, 'J', 1),
(94, 4, 'J', 1),
(95, 5, 'J', 1),
(96, 6, 'J', 1),
(97, 7, 'J', 1),
(98, 8, 'J', 1),
(99, 9, 'J', 1),
(100, 10, 'J', 1),
(101, 1, 'K', 1),
(102, 2, 'K', 1),
(103, 3, 'K', 1),
(104, 4, 'K', 1),
(105, 5, 'K', 1),
(106, 6, 'K', 1),
(107, 7, 'K', 1),
(108, 8, 'K', 1),
(109, 9, 'K', 1),
(110, 10, 'K', 1),
(111, 1, 'L', 1),
(112, 2, 'L', 1),
(113, 3, 'L', 1),
(114, 4, 'L', 1),
(115, 5, 'L', 1),
(116, 6, 'L', 1),
(117, 7, 'L', 1),
(118, 8, 'L', 1),
(119, 9, 'L', 1),
(120, 10, 'L', 1),
(121, 1, 'M', 1),
(122, 2, 'M', 1),
(123, 3, 'M', 1),
(124, 4, 'M', 1),
(125, 5, 'M', 1),
(126, 6, 'M', 1),
(127, 7, 'M', 1),
(128, 8, 'M', 1),
(129, 9, 'M', 1),
(130, 10, 'M', 1),
(131, 1, 'N', 1),
(132, 2, 'N', 1),
(133, 3, 'N', 1),
(134, 4, 'N', 1),
(135, 5, 'N', 1),
(136, 6, 'N', 1),
(137, 7, 'N', 1),
(138, 8, 'N', 1),
(139, 9, 'N', 1),
(140, 10, 'N', 1),
(141, 1, 'O', 1),
(142, 2, 'O', 1),
(143, 3, 'O', 1),
(144, 4, 'O', 1),
(145, 5, 'O', 1),
(146, 6, 'O', 1),
(147, 7, 'O', 1),
(148, 8, 'O', 1),
(149, 9, 'O', 1),
(150, 10, 'O', 1),
(151, 1, 'P', 1),
(152, 2, 'P', 1),
(153, 3, 'P', 1),
(154, 4, 'P', 1),
(155, 5, 'P', 1),
(156, 6, 'P', 1),
(157, 7, 'P', 1),
(158, 8, 'P', 1),
(159, 9, 'P', 1),
(160, 10, 'P', 1),
(161, 1, 'Q', 1),
(162, 2, 'Q', 1),
(163, 3, 'Q', 1),
(164, 4, 'Q', 1),
(165, 5, 'Q', 1),
(166, 6, 'Q', 1),
(167, 7, 'Q', 1),
(168, 8, 'Q', 1),
(169, 9, 'Q', 1),
(170, 10, 'Q', 1),
(171, 1, 'R', 1),
(172, 2, 'R', 1),
(173, 3, 'R', 1),
(174, 4, 'R', 1),
(175, 5, 'R', 1),
(176, 6, 'R', 1),
(177, 7, 'R', 1),
(178, 8, 'R', 1),
(179, 9, 'R', 1),
(180, 10, 'R', 1),
(181, 1, 'S', 1),
(182, 2, 'S', 1),
(183, 3, 'S', 1),
(184, 4, 'S', 1),
(185, 5, 'S', 1),
(186, 6, 'S', 1),
(187, 7, 'S', 1),
(188, 8, 'S', 1),
(189, 9, 'S', 1),
(190, 10, 'S', 1),
(191, 1, 'T', 1),
(192, 2, 'T', 1),
(193, 3, 'T', 1),
(194, 4, 'T', 1),
(195, 5, 'T', 1),
(196, 6, 'T', 1),
(197, 7, 'T', 1),
(198, 8, 'T', 1),
(199, 9, 'T', 1),
(200, 10, 'T', 1),
(201, 1, 'U', 1),
(202, 2, 'U', 1),
(203, 3, 'U', 1),
(204, 4, 'U', 1),
(205, 5, 'U', 1),
(206, 6, 'U', 1),
(207, 7, 'U', 1),
(208, 8, 'U', 1),
(209, 9, 'U', 1),
(210, 10, 'U', 1),
(211, 1, 'V', 1),
(212, 2, 'V', 1),
(213, 3, 'V', 1),
(214, 4, 'V', 1),
(215, 5, 'V', 1),
(216, 6, 'V', 1),
(217, 7, 'V', 1),
(218, 8, 'V', 1),
(219, 9, 'V', 1),
(220, 10, 'V', 1),
(221, 1, 'W', 1),
(222, 2, 'W', 1),
(223, 3, 'W', 1),
(224, 4, 'W', 1),
(225, 5, 'W', 1),
(226, 6, 'W', 1),
(227, 7, 'W', 1),
(228, 8, 'W', 1),
(229, 9, 'W', 1),
(230, 10, 'W', 1),
(231, 1, 'X', 1),
(232, 2, 'X', 1),
(233, 3, 'X', 1),
(234, 4, 'X', 1),
(235, 5, 'X', 1),
(236, 6, 'X', 1),
(237, 7, 'X', 1),
(238, 8, 'X', 1),
(239, 9, 'X', 1),
(240, 10, 'X', 1),
(241, 1, 'Y', 1),
(242, 2, 'Y', 1),
(243, 3, 'Y', 1),
(244, 4, 'Y', 1),
(245, 5, 'Y', 1),
(246, 6, 'Y', 1),
(247, 7, 'Y', 1),
(248, 8, 'Y', 1),
(249, 9, 'Y', 1),
(250, 10, 'Y', 1),
(251, 1, 'Z', 1),
(252, 2, 'Z', 1),
(253, 3, 'Z', 1),
(254, 4, 'Z', 1),
(255, 5, 'Z', 1),
(256, 6, 'Z', 1),
(257, 7, 'Z', 1),
(258, 8, 'Z', 1),
(259, 9, 'Z', 1),
(260, 10, 'Z', 1),
(261, 1, 'A', 2),
(262, 2, 'A', 2),
(263, 3, 'A', 2),
(264, 4, 'A', 2),
(265, 5, 'A', 2),
(266, 6, 'A', 2),
(267, 7, 'A', 2),
(268, 8, 'A', 2),
(269, 9, 'A', 2),
(270, 10, 'A', 2),
(271, 1, 'B', 2),
(272, 2, 'B', 2),
(273, 3, 'B', 2),
(274, 4, 'B', 2),
(275, 5, 'B', 2),
(276, 6, 'B', 2),
(277, 7, 'B', 2),
(278, 8, 'B', 2),
(279, 9, 'B', 2),
(280, 10, 'B', 2),
(281, 1, 'C', 2),
(282, 2, 'C', 2),
(283, 3, 'C', 2),
(284, 4, 'C', 2),
(285, 5, 'C', 2),
(286, 6, 'C', 2),
(287, 7, 'C', 2),
(288, 8, 'C', 2),
(289, 9, 'C', 2),
(290, 10, 'C', 2),
(291, 1, 'D', 2),
(292, 2, 'D', 2),
(293, 3, 'D', 2),
(294, 4, 'D', 2),
(295, 5, 'D', 2),
(296, 6, 'D', 2),
(297, 7, 'D', 2),
(298, 8, 'D', 2),
(299, 9, 'D', 2),
(300, 10, 'D', 2),
(301, 1, 'E', 2),
(302, 2, 'E', 2),
(303, 3, 'E', 2),
(304, 4, 'E', 2),
(305, 5, 'E', 2),
(306, 6, 'E', 2),
(307, 7, 'E', 2),
(308, 8, 'E', 2),
(309, 9, 'E', 2),
(310, 10, 'E', 2),
(311, 1, 'F', 2),
(312, 2, 'F', 2),
(313, 3, 'F', 2),
(314, 4, 'F', 2),
(315, 5, 'F', 2),
(316, 6, 'F', 2),
(317, 7, 'F', 2),
(318, 8, 'F', 2),
(319, 9, 'F', 2),
(320, 10, 'F', 2),
(321, 1, 'G', 2),
(322, 2, 'G', 2),
(323, 3, 'G', 2),
(324, 4, 'G', 2),
(325, 5, 'G', 2),
(326, 6, 'G', 2),
(327, 7, 'G', 2),
(328, 8, 'G', 2),
(329, 9, 'G', 2),
(330, 10, 'G', 2),
(331, 1, 'H', 2),
(332, 2, 'H', 2),
(333, 3, 'H', 2),
(334, 4, 'H', 2),
(335, 5, 'H', 2),
(336, 6, 'H', 2),
(337, 7, 'H', 2),
(338, 8, 'H', 2),
(339, 9, 'H', 2),
(340, 10, 'H', 2),
(341, 1, 'I', 2),
(342, 2, 'I', 2),
(343, 3, 'I', 2),
(344, 4, 'I', 2),
(345, 5, 'I', 2),
(346, 6, 'I', 2),
(347, 7, 'I', 2),
(348, 8, 'I', 2),
(349, 9, 'I', 2),
(350, 10, 'I', 2),
(351, 1, 'J', 2),
(352, 2, 'J', 2),
(353, 3, 'J', 2),
(354, 4, 'J', 2),
(355, 5, 'J', 2),
(356, 6, 'J', 2),
(357, 7, 'J', 2),
(358, 8, 'J', 2),
(359, 9, 'J', 2),
(360, 10, 'J', 2),
(361, 1, 'K', 2),
(362, 2, 'K', 2),
(363, 3, 'K', 2),
(364, 4, 'K', 2),
(365, 5, 'K', 2),
(366, 6, 'K', 2),
(367, 7, 'K', 2),
(368, 8, 'K', 2),
(369, 9, 'K', 2),
(370, 10, 'K', 2),
(371, 1, 'L', 2),
(372, 2, 'L', 2),
(373, 3, 'L', 2),
(374, 4, 'L', 2),
(375, 5, 'L', 2),
(376, 6, 'L', 2),
(377, 7, 'L', 2),
(378, 8, 'L', 2),
(379, 9, 'L', 2),
(380, 10, 'L', 2),
(381, 1, 'M', 2),
(382, 2, 'M', 2),
(383, 3, 'M', 2),
(384, 4, 'M', 2),
(385, 5, 'M', 2),
(386, 6, 'M', 2),
(387, 7, 'M', 2),
(388, 8, 'M', 2),
(389, 9, 'M', 2),
(390, 10, 'M', 2),
(391, 1, 'N', 2),
(392, 2, 'N', 2),
(393, 3, 'N', 2),
(394, 4, 'N', 2),
(395, 5, 'N', 2),
(396, 6, 'N', 2),
(397, 7, 'N', 2),
(398, 8, 'N', 2),
(399, 9, 'N', 2),
(400, 10, 'N', 2),
(401, 1, 'O', 2),
(402, 2, 'O', 2),
(403, 3, 'O', 2),
(404, 4, 'O', 2),
(405, 5, 'O', 2),
(406, 6, 'O', 2),
(407, 7, 'O', 2),
(408, 8, 'O', 2),
(409, 9, 'O', 2),
(410, 10, 'O', 2),
(411, 1, 'P', 2),
(412, 2, 'P', 2),
(413, 3, 'P', 2),
(414, 4, 'P', 2),
(415, 5, 'P', 2),
(416, 6, 'P', 2),
(417, 7, 'P', 2),
(418, 8, 'P', 2),
(419, 9, 'P', 2),
(420, 10, 'P', 2),
(421, 1, 'Q', 2),
(422, 2, 'Q', 2),
(423, 3, 'Q', 2),
(424, 4, 'Q', 2),
(425, 5, 'Q', 2),
(426, 6, 'Q', 2),
(427, 7, 'Q', 2),
(428, 8, 'Q', 2),
(429, 9, 'Q', 2),
(430, 10, 'Q', 2),
(431, 1, 'R', 2),
(432, 2, 'R', 2),
(433, 3, 'R', 2),
(434, 4, 'R', 2),
(435, 5, 'R', 2),
(436, 6, 'R', 2),
(437, 7, 'R', 2),
(438, 8, 'R', 2),
(439, 9, 'R', 2),
(440, 10, 'R', 2),
(441, 1, 'S', 2),
(442, 2, 'S', 2),
(443, 3, 'S', 2),
(444, 4, 'S', 2),
(445, 5, 'S', 2),
(446, 6, 'S', 2),
(447, 7, 'S', 2),
(448, 8, 'S', 2),
(449, 9, 'S', 2),
(450, 10, 'S', 2),
(451, 1, 'T', 2),
(452, 2, 'T', 2),
(453, 3, 'T', 2),
(454, 4, 'T', 2),
(455, 5, 'T', 2),
(456, 6, 'T', 2),
(457, 7, 'T', 2),
(458, 8, 'T', 2),
(459, 9, 'T', 2),
(460, 10, 'T', 2),
(461, 1, 'U', 2),
(462, 2, 'U', 2),
(463, 3, 'U', 2),
(464, 4, 'U', 2),
(465, 5, 'U', 2),
(466, 6, 'U', 2),
(467, 7, 'U', 2),
(468, 8, 'U', 2),
(469, 9, 'U', 2),
(470, 10, 'U', 2),
(471, 1, 'V', 2),
(472, 2, 'V', 2),
(473, 3, 'V', 2),
(474, 4, 'V', 2),
(475, 5, 'V', 2),
(476, 6, 'V', 2),
(477, 7, 'V', 2),
(478, 8, 'V', 2),
(479, 9, 'V', 2),
(480, 10, 'V', 2),
(481, 1, 'W', 2),
(482, 2, 'W', 2),
(483, 3, 'W', 2),
(484, 4, 'W', 2),
(485, 5, 'W', 2),
(486, 6, 'W', 2),
(487, 7, 'W', 2),
(488, 8, 'W', 2),
(489, 9, 'W', 2),
(490, 10, 'W', 2),
(491, 1, 'X', 2),
(492, 2, 'X', 2),
(493, 3, 'X', 2),
(494, 4, 'X', 2),
(495, 5, 'X', 2),
(496, 6, 'X', 2),
(497, 7, 'X', 2),
(498, 8, 'X', 2),
(499, 9, 'X', 2),
(500, 10, 'X', 2),
(501, 1, 'Y', 2),
(502, 2, 'Y', 2),
(503, 3, 'Y', 2),
(504, 4, 'Y', 2),
(505, 5, 'Y', 2),
(506, 6, 'Y', 2),
(507, 7, 'Y', 2),
(508, 8, 'Y', 2),
(509, 9, 'Y', 2),
(510, 10, 'Y', 2),
(511, 1, 'Z', 2),
(512, 2, 'Z', 2),
(513, 3, 'Z', 2),
(514, 4, 'Z', 2),
(515, 5, 'Z', 2),
(516, 6, 'Z', 2),
(517, 7, 'Z', 2),
(518, 8, 'Z', 2),
(519, 9, 'Z', 2),
(520, 10, 'Z', 2),
(521, 1, 'A', 3),
(522, 2, 'A', 3),
(523, 3, 'A', 3),
(524, 4, 'A', 3),
(525, 5, 'A', 3),
(526, 6, 'A', 3),
(527, 7, 'A', 3),
(528, 8, 'A', 3),
(529, 9, 'A', 3),
(530, 10, 'A', 3),
(531, 1, 'B', 3),
(532, 2, 'B', 3),
(533, 3, 'B', 3),
(534, 4, 'B', 3),
(535, 5, 'B', 3),
(536, 6, 'B', 3),
(537, 7, 'B', 3),
(538, 8, 'B', 3),
(539, 9, 'B', 3),
(540, 10, 'B', 3),
(541, 1, 'C', 3),
(542, 2, 'C', 3),
(543, 3, 'C', 3),
(544, 4, 'C', 3),
(545, 5, 'C', 3),
(546, 6, 'C', 3),
(547, 7, 'C', 3),
(548, 8, 'C', 3),
(549, 9, 'C', 3),
(550, 10, 'C', 3),
(551, 1, 'D', 3),
(552, 2, 'D', 3),
(553, 3, 'D', 3),
(554, 4, 'D', 3),
(555, 5, 'D', 3),
(556, 6, 'D', 3),
(557, 7, 'D', 3),
(558, 8, 'D', 3),
(559, 9, 'D', 3),
(560, 10, 'D', 3),
(561, 1, 'E', 3),
(562, 2, 'E', 3),
(563, 3, 'E', 3),
(564, 4, 'E', 3),
(565, 5, 'E', 3),
(566, 6, 'E', 3),
(567, 7, 'E', 3),
(568, 8, 'E', 3),
(569, 9, 'E', 3),
(570, 10, 'E', 3),
(571, 1, 'F', 3),
(572, 2, 'F', 3),
(573, 3, 'F', 3),
(574, 4, 'F', 3),
(575, 5, 'F', 3),
(576, 6, 'F', 3),
(577, 7, 'F', 3),
(578, 8, 'F', 3),
(579, 9, 'F', 3),
(580, 10, 'F', 3),
(581, 1, 'G', 3),
(582, 2, 'G', 3),
(583, 3, 'G', 3),
(584, 4, 'G', 3),
(585, 5, 'G', 3),
(586, 6, 'G', 3),
(587, 7, 'G', 3),
(588, 8, 'G', 3),
(589, 9, 'G', 3),
(590, 10, 'G', 3),
(591, 1, 'H', 3),
(592, 2, 'H', 3),
(593, 3, 'H', 3),
(594, 4, 'H', 3),
(595, 5, 'H', 3),
(596, 6, 'H', 3),
(597, 7, 'H', 3),
(598, 8, 'H', 3),
(599, 9, 'H', 3),
(600, 10, 'H', 3),
(601, 1, 'I', 3),
(602, 2, 'I', 3),
(603, 3, 'I', 3),
(604, 4, 'I', 3),
(605, 5, 'I', 3),
(606, 6, 'I', 3),
(607, 7, 'I', 3),
(608, 8, 'I', 3),
(609, 9, 'I', 3),
(610, 10, 'I', 3),
(611, 1, 'J', 3),
(612, 2, 'J', 3),
(613, 3, 'J', 3),
(614, 4, 'J', 3),
(615, 5, 'J', 3),
(616, 6, 'J', 3),
(617, 7, 'J', 3),
(618, 8, 'J', 3),
(619, 9, 'J', 3),
(620, 10, 'J', 3),
(621, 1, 'K', 3),
(622, 2, 'K', 3),
(623, 3, 'K', 3),
(624, 4, 'K', 3),
(625, 5, 'K', 3),
(626, 6, 'K', 3),
(627, 7, 'K', 3),
(628, 8, 'K', 3),
(629, 9, 'K', 3),
(630, 10, 'K', 3),
(631, 1, 'L', 3),
(632, 2, 'L', 3),
(633, 3, 'L', 3),
(634, 4, 'L', 3),
(635, 5, 'L', 3),
(636, 6, 'L', 3),
(637, 7, 'L', 3),
(638, 8, 'L', 3),
(639, 9, 'L', 3),
(640, 10, 'L', 3),
(641, 1, 'M', 3),
(642, 2, 'M', 3),
(643, 3, 'M', 3),
(644, 4, 'M', 3),
(645, 5, 'M', 3),
(646, 6, 'M', 3),
(647, 7, 'M', 3),
(648, 8, 'M', 3),
(649, 9, 'M', 3),
(650, 10, 'M', 3),
(651, 1, 'N', 3),
(652, 2, 'N', 3),
(653, 3, 'N', 3),
(654, 4, 'N', 3),
(655, 5, 'N', 3),
(656, 6, 'N', 3),
(657, 7, 'N', 3),
(658, 8, 'N', 3),
(659, 9, 'N', 3),
(660, 10, 'N', 3),
(661, 1, 'O', 3),
(662, 2, 'O', 3),
(663, 3, 'O', 3),
(664, 4, 'O', 3),
(665, 5, 'O', 3),
(666, 6, 'O', 3),
(667, 7, 'O', 3),
(668, 8, 'O', 3),
(669, 9, 'O', 3),
(670, 10, 'O', 3),
(671, 1, 'P', 3),
(672, 2, 'P', 3),
(673, 3, 'P', 3),
(674, 4, 'P', 3),
(675, 5, 'P', 3),
(676, 6, 'P', 3),
(677, 7, 'P', 3),
(678, 8, 'P', 3),
(679, 9, 'P', 3),
(680, 10, 'P', 3),
(681, 1, 'Q', 3),
(682, 2, 'Q', 3),
(683, 3, 'Q', 3),
(684, 4, 'Q', 3),
(685, 5, 'Q', 3),
(686, 6, 'Q', 3),
(687, 7, 'Q', 3),
(688, 8, 'Q', 3),
(689, 9, 'Q', 3),
(690, 10, 'Q', 3),
(691, 1, 'R', 3),
(692, 2, 'R', 3),
(693, 3, 'R', 3),
(694, 4, 'R', 3),
(695, 5, 'R', 3),
(696, 6, 'R', 3),
(697, 7, 'R', 3),
(698, 8, 'R', 3),
(699, 9, 'R', 3),
(700, 10, 'R', 3),
(701, 1, 'S', 3),
(702, 2, 'S', 3),
(703, 3, 'S', 3),
(704, 4, 'S', 3),
(705, 5, 'S', 3),
(706, 6, 'S', 3),
(707, 7, 'S', 3),
(708, 8, 'S', 3),
(709, 9, 'S', 3),
(710, 10, 'S', 3),
(711, 1, 'T', 3),
(712, 2, 'T', 3),
(713, 3, 'T', 3),
(714, 4, 'T', 3),
(715, 5, 'T', 3),
(716, 6, 'T', 3),
(717, 7, 'T', 3),
(718, 8, 'T', 3),
(719, 9, 'T', 3),
(720, 10, 'T', 3),
(721, 1, 'U', 3),
(722, 2, 'U', 3),
(723, 3, 'U', 3),
(724, 4, 'U', 3),
(725, 5, 'U', 3),
(726, 6, 'U', 3),
(727, 7, 'U', 3),
(728, 8, 'U', 3),
(729, 9, 'U', 3),
(730, 10, 'U', 3),
(731, 1, 'V', 3),
(732, 2, 'V', 3),
(733, 3, 'V', 3),
(734, 4, 'V', 3),
(735, 5, 'V', 3),
(736, 6, 'V', 3),
(737, 7, 'V', 3),
(738, 8, 'V', 3),
(739, 9, 'V', 3),
(740, 10, 'V', 3),
(741, 1, 'W', 3),
(742, 2, 'W', 3),
(743, 3, 'W', 3),
(744, 4, 'W', 3),
(745, 5, 'W', 3),
(746, 6, 'W', 3),
(747, 7, 'W', 3),
(748, 8, 'W', 3),
(749, 9, 'W', 3),
(750, 10, 'W', 3),
(751, 1, 'X', 3),
(752, 2, 'X', 3),
(753, 3, 'X', 3),
(754, 4, 'X', 3),
(755, 5, 'X', 3),
(756, 6, 'X', 3),
(757, 7, 'X', 3),
(758, 8, 'X', 3),
(759, 9, 'X', 3),
(760, 10, 'X', 3),
(761, 1, 'Y', 3),
(762, 2, 'Y', 3),
(763, 3, 'Y', 3),
(764, 4, 'Y', 3),
(765, 5, 'Y', 3),
(766, 6, 'Y', 3),
(767, 7, 'Y', 3),
(768, 8, 'Y', 3),
(769, 9, 'Y', 3),
(770, 10, 'Y', 3),
(771, 1, 'Z', 3),
(772, 2, 'Z', 3),
(773, 3, 'Z', 3),
(774, 4, 'Z', 3),
(775, 5, 'Z', 3),
(776, 6, 'Z', 3),
(777, 7, 'Z', 3),
(778, 8, 'Z', 3),
(779, 9, 'Z', 3),
(780, 10, 'Z', 3),
(781, 1, 'A', 4),
(782, 2, 'A', 4),
(783, 3, 'A', 4),
(784, 4, 'A', 4),
(785, 5, 'A', 4),
(786, 6, 'A', 4),
(787, 7, 'A', 4),
(788, 8, 'A', 4),
(789, 9, 'A', 4),
(790, 10, 'A', 4),
(791, 1, 'B', 4),
(792, 2, 'B', 4),
(793, 3, 'B', 4),
(794, 4, 'B', 4),
(795, 5, 'B', 4),
(796, 6, 'B', 4),
(797, 7, 'B', 4),
(798, 8, 'B', 4),
(799, 9, 'B', 4),
(800, 10, 'B', 4),
(801, 1, 'C', 4),
(802, 2, 'C', 4),
(803, 3, 'C', 4),
(804, 4, 'C', 4),
(805, 5, 'C', 4),
(806, 6, 'C', 4),
(807, 7, 'C', 4),
(808, 8, 'C', 4),
(809, 9, 'C', 4),
(810, 10, 'C', 4),
(811, 1, 'D', 4),
(812, 2, 'D', 4),
(813, 3, 'D', 4),
(814, 4, 'D', 4),
(815, 5, 'D', 4),
(816, 6, 'D', 4),
(817, 7, 'D', 4),
(818, 8, 'D', 4),
(819, 9, 'D', 4),
(820, 10, 'D', 4),
(821, 1, 'E', 4),
(822, 2, 'E', 4),
(823, 3, 'E', 4),
(824, 4, 'E', 4),
(825, 5, 'E', 4),
(826, 6, 'E', 4),
(827, 7, 'E', 4),
(828, 8, 'E', 4),
(829, 9, 'E', 4),
(830, 10, 'E', 4),
(831, 1, 'F', 4),
(832, 2, 'F', 4),
(833, 3, 'F', 4),
(834, 4, 'F', 4),
(835, 5, 'F', 4),
(836, 6, 'F', 4),
(837, 7, 'F', 4),
(838, 8, 'F', 4),
(839, 9, 'F', 4),
(840, 10, 'F', 4),
(841, 1, 'G', 4),
(842, 2, 'G', 4),
(843, 3, 'G', 4),
(844, 4, 'G', 4),
(845, 5, 'G', 4),
(846, 6, 'G', 4),
(847, 7, 'G', 4),
(848, 8, 'G', 4),
(849, 9, 'G', 4),
(850, 10, 'G', 4),
(851, 1, 'H', 4),
(852, 2, 'H', 4),
(853, 3, 'H', 4),
(854, 4, 'H', 4),
(855, 5, 'H', 4),
(856, 6, 'H', 4),
(857, 7, 'H', 4),
(858, 8, 'H', 4),
(859, 9, 'H', 4),
(860, 10, 'H', 4),
(861, 1, 'I', 4),
(862, 2, 'I', 4),
(863, 3, 'I', 4),
(864, 4, 'I', 4),
(865, 5, 'I', 4),
(866, 6, 'I', 4),
(867, 7, 'I', 4),
(868, 8, 'I', 4),
(869, 9, 'I', 4),
(870, 10, 'I', 4),
(871, 1, 'J', 4),
(872, 2, 'J', 4),
(873, 3, 'J', 4),
(874, 4, 'J', 4),
(875, 5, 'J', 4),
(876, 6, 'J', 4),
(877, 7, 'J', 4),
(878, 8, 'J', 4),
(879, 9, 'J', 4),
(880, 10, 'J', 4),
(881, 1, 'K', 4),
(882, 2, 'K', 4),
(883, 3, 'K', 4),
(884, 4, 'K', 4),
(885, 5, 'K', 4),
(886, 6, 'K', 4),
(887, 7, 'K', 4),
(888, 8, 'K', 4),
(889, 9, 'K', 4),
(890, 10, 'K', 4),
(891, 1, 'L', 4),
(892, 2, 'L', 4),
(893, 3, 'L', 4),
(894, 4, 'L', 4),
(895, 5, 'L', 4),
(896, 6, 'L', 4),
(897, 7, 'L', 4),
(898, 8, 'L', 4),
(899, 9, 'L', 4),
(900, 10, 'L', 4),
(901, 1, 'M', 4),
(902, 2, 'M', 4),
(903, 3, 'M', 4),
(904, 4, 'M', 4),
(905, 5, 'M', 4),
(906, 6, 'M', 4),
(907, 7, 'M', 4),
(908, 8, 'M', 4),
(909, 9, 'M', 4),
(910, 10, 'M', 4),
(911, 1, 'N', 4),
(912, 2, 'N', 4),
(913, 3, 'N', 4),
(914, 4, 'N', 4),
(915, 5, 'N', 4),
(916, 6, 'N', 4),
(917, 7, 'N', 4),
(918, 8, 'N', 4),
(919, 9, 'N', 4),
(920, 10, 'N', 4),
(921, 1, 'O', 4),
(922, 2, 'O', 4),
(923, 3, 'O', 4),
(924, 4, 'O', 4),
(925, 5, 'O', 4),
(926, 6, 'O', 4),
(927, 7, 'O', 4),
(928, 8, 'O', 4),
(929, 9, 'O', 4),
(930, 10, 'O', 4),
(931, 1, 'P', 4),
(932, 2, 'P', 4),
(933, 3, 'P', 4),
(934, 4, 'P', 4),
(935, 5, 'P', 4),
(936, 6, 'P', 4),
(937, 7, 'P', 4),
(938, 8, 'P', 4),
(939, 9, 'P', 4),
(940, 10, 'P', 4),
(941, 1, 'Q', 4),
(942, 2, 'Q', 4),
(943, 3, 'Q', 4),
(944, 4, 'Q', 4),
(945, 5, 'Q', 4),
(946, 6, 'Q', 4),
(947, 7, 'Q', 4),
(948, 8, 'Q', 4),
(949, 9, 'Q', 4),
(950, 10, 'Q', 4),
(951, 1, 'R', 4),
(952, 2, 'R', 4),
(953, 3, 'R', 4),
(954, 4, 'R', 4),
(955, 5, 'R', 4),
(956, 6, 'R', 4),
(957, 7, 'R', 4),
(958, 8, 'R', 4),
(959, 9, 'R', 4),
(960, 10, 'R', 4),
(961, 1, 'S', 4),
(962, 2, 'S', 4),
(963, 3, 'S', 4),
(964, 4, 'S', 4),
(965, 5, 'S', 4),
(966, 6, 'S', 4),
(967, 7, 'S', 4),
(968, 8, 'S', 4),
(969, 9, 'S', 4),
(970, 10, 'S', 4),
(971, 1, 'T', 4),
(972, 2, 'T', 4),
(973, 3, 'T', 4),
(974, 4, 'T', 4),
(975, 5, 'T', 4),
(976, 6, 'T', 4),
(977, 7, 'T', 4),
(978, 8, 'T', 4),
(979, 9, 'T', 4),
(980, 10, 'T', 4),
(981, 1, 'U', 4),
(982, 2, 'U', 4),
(983, 3, 'U', 4),
(984, 4, 'U', 4),
(985, 5, 'U', 4),
(986, 6, 'U', 4),
(987, 7, 'U', 4),
(988, 8, 'U', 4),
(989, 9, 'U', 4),
(990, 10, 'U', 4),
(991, 1, 'V', 4),
(992, 2, 'V', 4),
(993, 3, 'V', 4),
(994, 4, 'V', 4),
(995, 5, 'V', 4),
(996, 6, 'V', 4),
(997, 7, 'V', 4),
(998, 8, 'V', 4),
(999, 9, 'V', 4),
(1000, 10, 'V', 4),
(1001, 1, 'W', 4),
(1002, 2, 'W', 4),
(1003, 3, 'W', 4),
(1004, 4, 'W', 4),
(1005, 5, 'W', 4),
(1006, 6, 'W', 4),
(1007, 7, 'W', 4),
(1008, 8, 'W', 4),
(1009, 9, 'W', 4),
(1010, 10, 'W', 4),
(1011, 1, 'X', 4),
(1012, 2, 'X', 4),
(1013, 3, 'X', 4),
(1014, 4, 'X', 4),
(1015, 5, 'X', 4),
(1016, 6, 'X', 4),
(1017, 7, 'X', 4),
(1018, 8, 'X', 4),
(1019, 9, 'X', 4),
(1020, 10, 'X', 4),
(1021, 1, 'Y', 4),
(1022, 2, 'Y', 4),
(1023, 3, 'Y', 4),
(1024, 4, 'Y', 4),
(1025, 5, 'Y', 4),
(1026, 6, 'Y', 4),
(1027, 7, 'Y', 4),
(1028, 8, 'Y', 4),
(1029, 9, 'Y', 4),
(1030, 10, 'Y', 4),
(1031, 1, 'Z', 4),
(1032, 2, 'Z', 4),
(1033, 3, 'Z', 4),
(1034, 4, 'Z', 4),
(1035, 5, 'Z', 4),
(1036, 6, 'Z', 4),
(1037, 7, 'Z', 4),
(1038, 8, 'Z', 4),
(1039, 9, 'Z', 4),
(1040, 10, 'Z', 4),
(1041, 1, 'A', 5),
(1042, 2, 'A', 5),
(1043, 3, 'A', 5),
(1044, 4, 'A', 5),
(1045, 5, 'A', 5),
(1046, 6, 'A', 5),
(1047, 7, 'A', 5),
(1048, 8, 'A', 5),
(1049, 9, 'A', 5),
(1050, 10, 'A', 5),
(1051, 1, 'B', 5),
(1052, 2, 'B', 5),
(1053, 3, 'B', 5),
(1054, 4, 'B', 5),
(1055, 5, 'B', 5),
(1056, 6, 'B', 5),
(1057, 7, 'B', 5),
(1058, 8, 'B', 5),
(1059, 9, 'B', 5),
(1060, 10, 'B', 5),
(1061, 1, 'C', 5),
(1062, 2, 'C', 5),
(1063, 3, 'C', 5),
(1064, 4, 'C', 5),
(1065, 5, 'C', 5),
(1066, 6, 'C', 5),
(1067, 7, 'C', 5),
(1068, 8, 'C', 5),
(1069, 9, 'C', 5),
(1070, 10, 'C', 5),
(1071, 1, 'D', 5),
(1072, 2, 'D', 5),
(1073, 3, 'D', 5),
(1074, 4, 'D', 5),
(1075, 5, 'D', 5),
(1076, 6, 'D', 5),
(1077, 7, 'D', 5),
(1078, 8, 'D', 5),
(1079, 9, 'D', 5),
(1080, 10, 'D', 5),
(1081, 1, 'E', 5),
(1082, 2, 'E', 5),
(1083, 3, 'E', 5),
(1084, 4, 'E', 5),
(1085, 5, 'E', 5),
(1086, 6, 'E', 5),
(1087, 7, 'E', 5),
(1088, 8, 'E', 5),
(1089, 9, 'E', 5),
(1090, 10, 'E', 5),
(1091, 1, 'F', 5),
(1092, 2, 'F', 5),
(1093, 3, 'F', 5),
(1094, 4, 'F', 5),
(1095, 5, 'F', 5),
(1096, 6, 'F', 5),
(1097, 7, 'F', 5),
(1098, 8, 'F', 5),
(1099, 9, 'F', 5),
(1100, 10, 'F', 5),
(1101, 1, 'G', 5),
(1102, 2, 'G', 5),
(1103, 3, 'G', 5),
(1104, 4, 'G', 5),
(1105, 5, 'G', 5),
(1106, 6, 'G', 5),
(1107, 7, 'G', 5),
(1108, 8, 'G', 5),
(1109, 9, 'G', 5),
(1110, 10, 'G', 5),
(1111, 1, 'H', 5),
(1112, 2, 'H', 5),
(1113, 3, 'H', 5),
(1114, 4, 'H', 5),
(1115, 5, 'H', 5),
(1116, 6, 'H', 5),
(1117, 7, 'H', 5),
(1118, 8, 'H', 5),
(1119, 9, 'H', 5),
(1120, 10, 'H', 5),
(1121, 1, 'I', 5),
(1122, 2, 'I', 5),
(1123, 3, 'I', 5),
(1124, 4, 'I', 5),
(1125, 5, 'I', 5),
(1126, 6, 'I', 5),
(1127, 7, 'I', 5),
(1128, 8, 'I', 5),
(1129, 9, 'I', 5),
(1130, 10, 'I', 5),
(1131, 1, 'J', 5),
(1132, 2, 'J', 5),
(1133, 3, 'J', 5),
(1134, 4, 'J', 5),
(1135, 5, 'J', 5),
(1136, 6, 'J', 5),
(1137, 7, 'J', 5),
(1138, 8, 'J', 5),
(1139, 9, 'J', 5),
(1140, 10, 'J', 5),
(1141, 1, 'K', 5),
(1142, 2, 'K', 5),
(1143, 3, 'K', 5),
(1144, 4, 'K', 5),
(1145, 5, 'K', 5),
(1146, 6, 'K', 5),
(1147, 7, 'K', 5),
(1148, 8, 'K', 5),
(1149, 9, 'K', 5),
(1150, 10, 'K', 5),
(1151, 1, 'L', 5),
(1152, 2, 'L', 5),
(1153, 3, 'L', 5),
(1154, 4, 'L', 5),
(1155, 5, 'L', 5),
(1156, 6, 'L', 5),
(1157, 7, 'L', 5),
(1158, 8, 'L', 5),
(1159, 9, 'L', 5),
(1160, 10, 'L', 5),
(1161, 1, 'M', 5),
(1162, 2, 'M', 5),
(1163, 3, 'M', 5),
(1164, 4, 'M', 5),
(1165, 5, 'M', 5),
(1166, 6, 'M', 5),
(1167, 7, 'M', 5),
(1168, 8, 'M', 5),
(1169, 9, 'M', 5),
(1170, 10, 'M', 5),
(1171, 1, 'N', 5),
(1172, 2, 'N', 5),
(1173, 3, 'N', 5),
(1174, 4, 'N', 5),
(1175, 5, 'N', 5),
(1176, 6, 'N', 5),
(1177, 7, 'N', 5),
(1178, 8, 'N', 5),
(1179, 9, 'N', 5),
(1180, 10, 'N', 5),
(1181, 1, 'O', 5),
(1182, 2, 'O', 5),
(1183, 3, 'O', 5),
(1184, 4, 'O', 5),
(1185, 5, 'O', 5),
(1186, 6, 'O', 5),
(1187, 7, 'O', 5),
(1188, 8, 'O', 5),
(1189, 9, 'O', 5),
(1190, 10, 'O', 5),
(1191, 1, 'P', 5),
(1192, 2, 'P', 5),
(1193, 3, 'P', 5),
(1194, 4, 'P', 5),
(1195, 5, 'P', 5),
(1196, 6, 'P', 5),
(1197, 7, 'P', 5),
(1198, 8, 'P', 5),
(1199, 9, 'P', 5),
(1200, 10, 'P', 5),
(1201, 1, 'Q', 5),
(1202, 2, 'Q', 5),
(1203, 3, 'Q', 5),
(1204, 4, 'Q', 5),
(1205, 5, 'Q', 5),
(1206, 6, 'Q', 5),
(1207, 7, 'Q', 5),
(1208, 8, 'Q', 5),
(1209, 9, 'Q', 5),
(1210, 10, 'Q', 5),
(1211, 1, 'R', 5),
(1212, 2, 'R', 5),
(1213, 3, 'R', 5),
(1214, 4, 'R', 5),
(1215, 5, 'R', 5),
(1216, 6, 'R', 5),
(1217, 7, 'R', 5),
(1218, 8, 'R', 5),
(1219, 9, 'R', 5),
(1220, 10, 'R', 5),
(1221, 1, 'S', 5),
(1222, 2, 'S', 5),
(1223, 3, 'S', 5),
(1224, 4, 'S', 5),
(1225, 5, 'S', 5),
(1226, 6, 'S', 5),
(1227, 7, 'S', 5),
(1228, 8, 'S', 5),
(1229, 9, 'S', 5),
(1230, 10, 'S', 5),
(1231, 1, 'T', 5),
(1232, 2, 'T', 5),
(1233, 3, 'T', 5),
(1234, 4, 'T', 5),
(1235, 5, 'T', 5),
(1236, 6, 'T', 5),
(1237, 7, 'T', 5),
(1238, 8, 'T', 5),
(1239, 9, 'T', 5),
(1240, 10, 'T', 5),
(1241, 1, 'U', 5),
(1242, 2, 'U', 5),
(1243, 3, 'U', 5),
(1244, 4, 'U', 5),
(1245, 5, 'U', 5),
(1246, 6, 'U', 5),
(1247, 7, 'U', 5),
(1248, 8, 'U', 5),
(1249, 9, 'U', 5),
(1250, 10, 'U', 5),
(1251, 1, 'V', 5),
(1252, 2, 'V', 5),
(1253, 3, 'V', 5),
(1254, 4, 'V', 5),
(1255, 5, 'V', 5),
(1256, 6, 'V', 5),
(1257, 7, 'V', 5),
(1258, 8, 'V', 5),
(1259, 9, 'V', 5),
(1260, 10, 'V', 5),
(1261, 1, 'W', 5),
(1262, 2, 'W', 5),
(1263, 3, 'W', 5),
(1264, 4, 'W', 5),
(1265, 5, 'W', 5),
(1266, 6, 'W', 5),
(1267, 7, 'W', 5),
(1268, 8, 'W', 5),
(1269, 9, 'W', 5),
(1270, 10, 'W', 5),
(1271, 1, 'X', 5),
(1272, 2, 'X', 5),
(1273, 3, 'X', 5),
(1274, 4, 'X', 5),
(1275, 5, 'X', 5),
(1276, 6, 'X', 5),
(1277, 7, 'X', 5),
(1278, 8, 'X', 5),
(1279, 9, 'X', 5),
(1280, 10, 'X', 5),
(1281, 1, 'Y', 5),
(1282, 2, 'Y', 5),
(1283, 3, 'Y', 5),
(1284, 4, 'Y', 5),
(1285, 5, 'Y', 5),
(1286, 6, 'Y', 5),
(1287, 7, 'Y', 5),
(1288, 8, 'Y', 5),
(1289, 9, 'Y', 5),
(1290, 10, 'Y', 5),
(1291, 1, 'Z', 5),
(1292, 2, 'Z', 5),
(1293, 3, 'Z', 5),
(1294, 4, 'Z', 5),
(1295, 5, 'Z', 5),
(1296, 6, 'Z', 5),
(1297, 7, 'Z', 5),
(1298, 8, 'Z', 5),
(1299, 9, 'Z', 5),
(1300, 10, 'Z', 5),
(1301, 1, 'A', 6),
(1302, 2, 'A', 6),
(1303, 3, 'A', 6),
(1304, 4, 'A', 6),
(1305, 5, 'A', 6),
(1306, 6, 'A', 6),
(1307, 7, 'A', 6),
(1308, 8, 'A', 6),
(1309, 9, 'A', 6),
(1310, 10, 'A', 6),
(1311, 1, 'B', 6),
(1312, 2, 'B', 6),
(1313, 3, 'B', 6),
(1314, 4, 'B', 6),
(1315, 5, 'B', 6),
(1316, 6, 'B', 6),
(1317, 7, 'B', 6),
(1318, 8, 'B', 6),
(1319, 9, 'B', 6),
(1320, 10, 'B', 6),
(1321, 1, 'C', 6),
(1322, 2, 'C', 6),
(1323, 3, 'C', 6),
(1324, 4, 'C', 6),
(1325, 5, 'C', 6),
(1326, 6, 'C', 6),
(1327, 7, 'C', 6),
(1328, 8, 'C', 6),
(1329, 9, 'C', 6),
(1330, 10, 'C', 6),
(1331, 1, 'D', 6),
(1332, 2, 'D', 6),
(1333, 3, 'D', 6),
(1334, 4, 'D', 6),
(1335, 5, 'D', 6),
(1336, 6, 'D', 6),
(1337, 7, 'D', 6),
(1338, 8, 'D', 6),
(1339, 9, 'D', 6),
(1340, 10, 'D', 6),
(1341, 1, 'E', 6),
(1342, 2, 'E', 6),
(1343, 3, 'E', 6),
(1344, 4, 'E', 6),
(1345, 5, 'E', 6),
(1346, 6, 'E', 6),
(1347, 7, 'E', 6),
(1348, 8, 'E', 6),
(1349, 9, 'E', 6),
(1350, 10, 'E', 6),
(1351, 1, 'F', 6),
(1352, 2, 'F', 6),
(1353, 3, 'F', 6),
(1354, 4, 'F', 6),
(1355, 5, 'F', 6),
(1356, 6, 'F', 6),
(1357, 7, 'F', 6),
(1358, 8, 'F', 6),
(1359, 9, 'F', 6),
(1360, 10, 'F', 6),
(1361, 1, 'G', 6),
(1362, 2, 'G', 6),
(1363, 3, 'G', 6),
(1364, 4, 'G', 6),
(1365, 5, 'G', 6),
(1366, 6, 'G', 6),
(1367, 7, 'G', 6),
(1368, 8, 'G', 6),
(1369, 9, 'G', 6),
(1370, 10, 'G', 6),
(1371, 1, 'H', 6),
(1372, 2, 'H', 6),
(1373, 3, 'H', 6),
(1374, 4, 'H', 6),
(1375, 5, 'H', 6),
(1376, 6, 'H', 6),
(1377, 7, 'H', 6),
(1378, 8, 'H', 6),
(1379, 9, 'H', 6),
(1380, 10, 'H', 6),
(1381, 1, 'I', 6),
(1382, 2, 'I', 6),
(1383, 3, 'I', 6),
(1384, 4, 'I', 6),
(1385, 5, 'I', 6),
(1386, 6, 'I', 6),
(1387, 7, 'I', 6),
(1388, 8, 'I', 6),
(1389, 9, 'I', 6),
(1390, 10, 'I', 6),
(1391, 1, 'J', 6),
(1392, 2, 'J', 6),
(1393, 3, 'J', 6),
(1394, 4, 'J', 6),
(1395, 5, 'J', 6),
(1396, 6, 'J', 6),
(1397, 7, 'J', 6),
(1398, 8, 'J', 6),
(1399, 9, 'J', 6),
(1400, 10, 'J', 6),
(1401, 1, 'K', 6),
(1402, 2, 'K', 6),
(1403, 3, 'K', 6),
(1404, 4, 'K', 6),
(1405, 5, 'K', 6),
(1406, 6, 'K', 6),
(1407, 7, 'K', 6),
(1408, 8, 'K', 6),
(1409, 9, 'K', 6),
(1410, 10, 'K', 6),
(1411, 1, 'L', 6),
(1412, 2, 'L', 6),
(1413, 3, 'L', 6),
(1414, 4, 'L', 6),
(1415, 5, 'L', 6),
(1416, 6, 'L', 6),
(1417, 7, 'L', 6),
(1418, 8, 'L', 6),
(1419, 9, 'L', 6),
(1420, 10, 'L', 6),
(1421, 1, 'M', 6),
(1422, 2, 'M', 6),
(1423, 3, 'M', 6),
(1424, 4, 'M', 6),
(1425, 5, 'M', 6),
(1426, 6, 'M', 6),
(1427, 7, 'M', 6),
(1428, 8, 'M', 6),
(1429, 9, 'M', 6),
(1430, 10, 'M', 6),
(1431, 1, 'N', 6),
(1432, 2, 'N', 6),
(1433, 3, 'N', 6),
(1434, 4, 'N', 6),
(1435, 5, 'N', 6),
(1436, 6, 'N', 6),
(1437, 7, 'N', 6),
(1438, 8, 'N', 6),
(1439, 9, 'N', 6),
(1440, 10, 'N', 6),
(1441, 1, 'O', 6),
(1442, 2, 'O', 6),
(1443, 3, 'O', 6),
(1444, 4, 'O', 6),
(1445, 5, 'O', 6),
(1446, 6, 'O', 6),
(1447, 7, 'O', 6),
(1448, 8, 'O', 6),
(1449, 9, 'O', 6),
(1450, 10, 'O', 6),
(1451, 1, 'P', 6),
(1452, 2, 'P', 6),
(1453, 3, 'P', 6),
(1454, 4, 'P', 6),
(1455, 5, 'P', 6),
(1456, 6, 'P', 6),
(1457, 7, 'P', 6),
(1458, 8, 'P', 6),
(1459, 9, 'P', 6),
(1460, 10, 'P', 6),
(1461, 1, 'Q', 6),
(1462, 2, 'Q', 6),
(1463, 3, 'Q', 6),
(1464, 4, 'Q', 6),
(1465, 5, 'Q', 6),
(1466, 6, 'Q', 6),
(1467, 7, 'Q', 6),
(1468, 8, 'Q', 6),
(1469, 9, 'Q', 6),
(1470, 10, 'Q', 6),
(1471, 1, 'R', 6),
(1472, 2, 'R', 6),
(1473, 3, 'R', 6),
(1474, 4, 'R', 6),
(1475, 5, 'R', 6),
(1476, 6, 'R', 6),
(1477, 7, 'R', 6),
(1478, 8, 'R', 6),
(1479, 9, 'R', 6),
(1480, 10, 'R', 6),
(1481, 1, 'S', 6),
(1482, 2, 'S', 6),
(1483, 3, 'S', 6),
(1484, 4, 'S', 6),
(1485, 5, 'S', 6),
(1486, 6, 'S', 6),
(1487, 7, 'S', 6),
(1488, 8, 'S', 6),
(1489, 9, 'S', 6),
(1490, 10, 'S', 6),
(1491, 1, 'T', 6),
(1492, 2, 'T', 6),
(1493, 3, 'T', 6),
(1494, 4, 'T', 6),
(1495, 5, 'T', 6),
(1496, 6, 'T', 6),
(1497, 7, 'T', 6),
(1498, 8, 'T', 6),
(1499, 9, 'T', 6),
(1500, 10, 'T', 6),
(1501, 1, 'U', 6),
(1502, 2, 'U', 6),
(1503, 3, 'U', 6),
(1504, 4, 'U', 6),
(1505, 5, 'U', 6),
(1506, 6, 'U', 6),
(1507, 7, 'U', 6),
(1508, 8, 'U', 6),
(1509, 9, 'U', 6),
(1510, 10, 'U', 6),
(1511, 1, 'V', 6),
(1512, 2, 'V', 6),
(1513, 3, 'V', 6),
(1514, 4, 'V', 6),
(1515, 5, 'V', 6),
(1516, 6, 'V', 6),
(1517, 7, 'V', 6),
(1518, 8, 'V', 6),
(1519, 9, 'V', 6),
(1520, 10, 'V', 6),
(1521, 1, 'W', 6),
(1522, 2, 'W', 6),
(1523, 3, 'W', 6),
(1524, 4, 'W', 6),
(1525, 5, 'W', 6),
(1526, 6, 'W', 6),
(1527, 7, 'W', 6),
(1528, 8, 'W', 6),
(1529, 9, 'W', 6),
(1530, 10, 'W', 6),
(1531, 1, 'X', 6),
(1532, 2, 'X', 6),
(1533, 3, 'X', 6),
(1534, 4, 'X', 6),
(1535, 5, 'X', 6),
(1536, 6, 'X', 6),
(1537, 7, 'X', 6),
(1538, 8, 'X', 6),
(1539, 9, 'X', 6),
(1540, 10, 'X', 6),
(1541, 1, 'Y', 6),
(1542, 2, 'Y', 6),
(1543, 3, 'Y', 6),
(1544, 4, 'Y', 6),
(1545, 5, 'Y', 6),
(1546, 6, 'Y', 6),
(1547, 7, 'Y', 6),
(1548, 8, 'Y', 6),
(1549, 9, 'Y', 6),
(1550, 10, 'Y', 6),
(1551, 1, 'Z', 6),
(1552, 2, 'Z', 6),
(1553, 3, 'Z', 6),
(1554, 4, 'Z', 6),
(1555, 5, 'Z', 6),
(1556, 6, 'Z', 6),
(1557, 7, 'Z', 6),
(1558, 8, 'Z', 6),
(1559, 9, 'Z', 6),
(1560, 10, 'Z', 6),
(1561, 1, 'A', 7),
(1562, 2, 'A', 7),
(1563, 3, 'A', 7),
(1564, 4, 'A', 7),
(1565, 5, 'A', 7),
(1566, 6, 'A', 7),
(1567, 7, 'A', 7),
(1568, 8, 'A', 7),
(1569, 9, 'A', 7),
(1570, 10, 'A', 7),
(1571, 1, 'B', 7),
(1572, 2, 'B', 7),
(1573, 3, 'B', 7),
(1574, 4, 'B', 7),
(1575, 5, 'B', 7),
(1576, 6, 'B', 7),
(1577, 7, 'B', 7),
(1578, 8, 'B', 7),
(1579, 9, 'B', 7),
(1580, 10, 'B', 7),
(1581, 1, 'C', 7),
(1582, 2, 'C', 7),
(1583, 3, 'C', 7),
(1584, 4, 'C', 7),
(1585, 5, 'C', 7),
(1586, 6, 'C', 7),
(1587, 7, 'C', 7),
(1588, 8, 'C', 7),
(1589, 9, 'C', 7),
(1590, 10, 'C', 7),
(1591, 1, 'D', 7),
(1592, 2, 'D', 7),
(1593, 3, 'D', 7),
(1594, 4, 'D', 7),
(1595, 5, 'D', 7),
(1596, 6, 'D', 7),
(1597, 7, 'D', 7),
(1598, 8, 'D', 7),
(1599, 9, 'D', 7),
(1600, 10, 'D', 7),
(1601, 1, 'E', 7),
(1602, 2, 'E', 7),
(1603, 3, 'E', 7),
(1604, 4, 'E', 7),
(1605, 5, 'E', 7),
(1606, 6, 'E', 7),
(1607, 7, 'E', 7),
(1608, 8, 'E', 7),
(1609, 9, 'E', 7),
(1610, 10, 'E', 7),
(1611, 1, 'F', 7),
(1612, 2, 'F', 7),
(1613, 3, 'F', 7),
(1614, 4, 'F', 7),
(1615, 5, 'F', 7),
(1616, 6, 'F', 7),
(1617, 7, 'F', 7),
(1618, 8, 'F', 7),
(1619, 9, 'F', 7),
(1620, 10, 'F', 7),
(1621, 1, 'G', 7),
(1622, 2, 'G', 7),
(1623, 3, 'G', 7),
(1624, 4, 'G', 7),
(1625, 5, 'G', 7),
(1626, 6, 'G', 7),
(1627, 7, 'G', 7),
(1628, 8, 'G', 7),
(1629, 9, 'G', 7),
(1630, 10, 'G', 7),
(1631, 1, 'H', 7),
(1632, 2, 'H', 7),
(1633, 3, 'H', 7),
(1634, 4, 'H', 7),
(1635, 5, 'H', 7),
(1636, 6, 'H', 7),
(1637, 7, 'H', 7),
(1638, 8, 'H', 7),
(1639, 9, 'H', 7),
(1640, 10, 'H', 7),
(1641, 1, 'I', 7),
(1642, 2, 'I', 7),
(1643, 3, 'I', 7),
(1644, 4, 'I', 7),
(1645, 5, 'I', 7),
(1646, 6, 'I', 7),
(1647, 7, 'I', 7),
(1648, 8, 'I', 7),
(1649, 9, 'I', 7),
(1650, 10, 'I', 7),
(1651, 1, 'J', 7),
(1652, 2, 'J', 7),
(1653, 3, 'J', 7),
(1654, 4, 'J', 7),
(1655, 5, 'J', 7),
(1656, 6, 'J', 7),
(1657, 7, 'J', 7),
(1658, 8, 'J', 7),
(1659, 9, 'J', 7),
(1660, 10, 'J', 7),
(1661, 1, 'K', 7),
(1662, 2, 'K', 7),
(1663, 3, 'K', 7),
(1664, 4, 'K', 7),
(1665, 5, 'K', 7),
(1666, 6, 'K', 7),
(1667, 7, 'K', 7),
(1668, 8, 'K', 7),
(1669, 9, 'K', 7),
(1670, 10, 'K', 7),
(1671, 1, 'L', 7),
(1672, 2, 'L', 7),
(1673, 3, 'L', 7),
(1674, 4, 'L', 7),
(1675, 5, 'L', 7),
(1676, 6, 'L', 7),
(1677, 7, 'L', 7),
(1678, 8, 'L', 7),
(1679, 9, 'L', 7),
(1680, 10, 'L', 7),
(1681, 1, 'M', 7),
(1682, 2, 'M', 7),
(1683, 3, 'M', 7),
(1684, 4, 'M', 7),
(1685, 5, 'M', 7),
(1686, 6, 'M', 7),
(1687, 7, 'M', 7),
(1688, 8, 'M', 7),
(1689, 9, 'M', 7),
(1690, 10, 'M', 7),
(1691, 1, 'N', 7),
(1692, 2, 'N', 7),
(1693, 3, 'N', 7),
(1694, 4, 'N', 7),
(1695, 5, 'N', 7),
(1696, 6, 'N', 7),
(1697, 7, 'N', 7),
(1698, 8, 'N', 7),
(1699, 9, 'N', 7),
(1700, 10, 'N', 7),
(1701, 1, 'O', 7),
(1702, 2, 'O', 7),
(1703, 3, 'O', 7),
(1704, 4, 'O', 7),
(1705, 5, 'O', 7),
(1706, 6, 'O', 7),
(1707, 7, 'O', 7),
(1708, 8, 'O', 7),
(1709, 9, 'O', 7),
(1710, 10, 'O', 7),
(1711, 1, 'P', 7),
(1712, 2, 'P', 7),
(1713, 3, 'P', 7),
(1714, 4, 'P', 7),
(1715, 5, 'P', 7),
(1716, 6, 'P', 7),
(1717, 7, 'P', 7),
(1718, 8, 'P', 7),
(1719, 9, 'P', 7),
(1720, 10, 'P', 7),
(1721, 1, 'Q', 7),
(1722, 2, 'Q', 7),
(1723, 3, 'Q', 7),
(1724, 4, 'Q', 7),
(1725, 5, 'Q', 7),
(1726, 6, 'Q', 7),
(1727, 7, 'Q', 7),
(1728, 8, 'Q', 7),
(1729, 9, 'Q', 7),
(1730, 10, 'Q', 7),
(1731, 1, 'R', 7),
(1732, 2, 'R', 7),
(1733, 3, 'R', 7),
(1734, 4, 'R', 7),
(1735, 5, 'R', 7),
(1736, 6, 'R', 7),
(1737, 7, 'R', 7),
(1738, 8, 'R', 7),
(1739, 9, 'R', 7),
(1740, 10, 'R', 7),
(1741, 1, 'S', 7),
(1742, 2, 'S', 7),
(1743, 3, 'S', 7),
(1744, 4, 'S', 7),
(1745, 5, 'S', 7),
(1746, 6, 'S', 7),
(1747, 7, 'S', 7),
(1748, 8, 'S', 7),
(1749, 9, 'S', 7),
(1750, 10, 'S', 7),
(1751, 1, 'T', 7),
(1752, 2, 'T', 7),
(1753, 3, 'T', 7),
(1754, 4, 'T', 7),
(1755, 5, 'T', 7),
(1756, 6, 'T', 7),
(1757, 7, 'T', 7),
(1758, 8, 'T', 7),
(1759, 9, 'T', 7),
(1760, 10, 'T', 7),
(1761, 1, 'U', 7),
(1762, 2, 'U', 7),
(1763, 3, 'U', 7),
(1764, 4, 'U', 7),
(1765, 5, 'U', 7),
(1766, 6, 'U', 7),
(1767, 7, 'U', 7),
(1768, 8, 'U', 7),
(1769, 9, 'U', 7),
(1770, 10, 'U', 7),
(1771, 1, 'V', 7),
(1772, 2, 'V', 7),
(1773, 3, 'V', 7),
(1774, 4, 'V', 7),
(1775, 5, 'V', 7),
(1776, 6, 'V', 7),
(1777, 7, 'V', 7),
(1778, 8, 'V', 7),
(1779, 9, 'V', 7),
(1780, 10, 'V', 7),
(1781, 1, 'W', 7),
(1782, 2, 'W', 7),
(1783, 3, 'W', 7),
(1784, 4, 'W', 7),
(1785, 5, 'W', 7),
(1786, 6, 'W', 7),
(1787, 7, 'W', 7),
(1788, 8, 'W', 7),
(1789, 9, 'W', 7),
(1790, 10, 'W', 7),
(1791, 1, 'X', 7),
(1792, 2, 'X', 7),
(1793, 3, 'X', 7),
(1794, 4, 'X', 7),
(1795, 5, 'X', 7),
(1796, 6, 'X', 7),
(1797, 7, 'X', 7),
(1798, 8, 'X', 7),
(1799, 9, 'X', 7),
(1800, 10, 'X', 7),
(1801, 1, 'Y', 7),
(1802, 2, 'Y', 7),
(1803, 3, 'Y', 7),
(1804, 4, 'Y', 7),
(1805, 5, 'Y', 7),
(1806, 6, 'Y', 7),
(1807, 7, 'Y', 7),
(1808, 8, 'Y', 7),
(1809, 9, 'Y', 7),
(1810, 10, 'Y', 7),
(1811, 1, 'Z', 7),
(1812, 2, 'Z', 7),
(1813, 3, 'Z', 7),
(1814, 4, 'Z', 7),
(1815, 5, 'Z', 7),
(1816, 6, 'Z', 7),
(1817, 7, 'Z', 7),
(1818, 8, 'Z', 7),
(1819, 9, 'Z', 7),
(1820, 10, 'Z', 7),
(1821, 1, 'A', 8),
(1822, 2, 'A', 8),
(1823, 3, 'A', 8),
(1824, 4, 'A', 8),
(1825, 5, 'A', 8),
(1826, 6, 'A', 8),
(1827, 7, 'A', 8),
(1828, 8, 'A', 8),
(1829, 9, 'A', 8),
(1830, 10, 'A', 8),
(1831, 1, 'B', 8),
(1832, 2, 'B', 8),
(1833, 3, 'B', 8),
(1834, 4, 'B', 8),
(1835, 5, 'B', 8),
(1836, 6, 'B', 8),
(1837, 7, 'B', 8),
(1838, 8, 'B', 8),
(1839, 9, 'B', 8),
(1840, 10, 'B', 8),
(1841, 1, 'C', 8),
(1842, 2, 'C', 8),
(1843, 3, 'C', 8),
(1844, 4, 'C', 8),
(1845, 5, 'C', 8),
(1846, 6, 'C', 8),
(1847, 7, 'C', 8),
(1848, 8, 'C', 8),
(1849, 9, 'C', 8),
(1850, 10, 'C', 8),
(1851, 1, 'D', 8),
(1852, 2, 'D', 8),
(1853, 3, 'D', 8),
(1854, 4, 'D', 8),
(1855, 5, 'D', 8),
(1856, 6, 'D', 8),
(1857, 7, 'D', 8),
(1858, 8, 'D', 8),
(1859, 9, 'D', 8),
(1860, 10, 'D', 8),
(1861, 1, 'E', 8),
(1862, 2, 'E', 8),
(1863, 3, 'E', 8),
(1864, 4, 'E', 8),
(1865, 5, 'E', 8),
(1866, 6, 'E', 8),
(1867, 7, 'E', 8),
(1868, 8, 'E', 8),
(1869, 9, 'E', 8),
(1870, 10, 'E', 8),
(1871, 1, 'F', 8),
(1872, 2, 'F', 8),
(1873, 3, 'F', 8),
(1874, 4, 'F', 8),
(1875, 5, 'F', 8),
(1876, 6, 'F', 8),
(1877, 7, 'F', 8),
(1878, 8, 'F', 8),
(1879, 9, 'F', 8),
(1880, 10, 'F', 8),
(1881, 1, 'G', 8),
(1882, 2, 'G', 8),
(1883, 3, 'G', 8),
(1884, 4, 'G', 8),
(1885, 5, 'G', 8),
(1886, 6, 'G', 8),
(1887, 7, 'G', 8),
(1888, 8, 'G', 8),
(1889, 9, 'G', 8),
(1890, 10, 'G', 8),
(1891, 1, 'H', 8),
(1892, 2, 'H', 8),
(1893, 3, 'H', 8),
(1894, 4, 'H', 8),
(1895, 5, 'H', 8),
(1896, 6, 'H', 8),
(1897, 7, 'H', 8),
(1898, 8, 'H', 8),
(1899, 9, 'H', 8),
(1900, 10, 'H', 8),
(1901, 1, 'I', 8),
(1902, 2, 'I', 8),
(1903, 3, 'I', 8),
(1904, 4, 'I', 8),
(1905, 5, 'I', 8),
(1906, 6, 'I', 8),
(1907, 7, 'I', 8),
(1908, 8, 'I', 8),
(1909, 9, 'I', 8),
(1910, 10, 'I', 8),
(1911, 1, 'J', 8),
(1912, 2, 'J', 8),
(1913, 3, 'J', 8),
(1914, 4, 'J', 8),
(1915, 5, 'J', 8),
(1916, 6, 'J', 8),
(1917, 7, 'J', 8),
(1918, 8, 'J', 8),
(1919, 9, 'J', 8),
(1920, 10, 'J', 8),
(1921, 1, 'K', 8),
(1922, 2, 'K', 8),
(1923, 3, 'K', 8),
(1924, 4, 'K', 8),
(1925, 5, 'K', 8),
(1926, 6, 'K', 8),
(1927, 7, 'K', 8),
(1928, 8, 'K', 8),
(1929, 9, 'K', 8),
(1930, 10, 'K', 8),
(1931, 1, 'L', 8),
(1932, 2, 'L', 8),
(1933, 3, 'L', 8),
(1934, 4, 'L', 8),
(1935, 5, 'L', 8),
(1936, 6, 'L', 8),
(1937, 7, 'L', 8),
(1938, 8, 'L', 8),
(1939, 9, 'L', 8),
(1940, 10, 'L', 8),
(1941, 1, 'M', 8),
(1942, 2, 'M', 8),
(1943, 3, 'M', 8),
(1944, 4, 'M', 8),
(1945, 5, 'M', 8),
(1946, 6, 'M', 8),
(1947, 7, 'M', 8),
(1948, 8, 'M', 8),
(1949, 9, 'M', 8),
(1950, 10, 'M', 8),
(1951, 1, 'N', 8),
(1952, 2, 'N', 8),
(1953, 3, 'N', 8),
(1954, 4, 'N', 8),
(1955, 5, 'N', 8),
(1956, 6, 'N', 8),
(1957, 7, 'N', 8),
(1958, 8, 'N', 8),
(1959, 9, 'N', 8),
(1960, 10, 'N', 8),
(65131, 1, 'A', 9),
(65132, 2, 'A', 9),
(65133, 3, 'A', 9),
(65134, 4, 'A', 9),
(65135, 5, 'A', 9),
(65136, 6, 'A', 9),
(65137, 7, 'A', 9),
(65138, 8, 'A', 9),
(65139, 9, 'A', 9),
(65140, 10, 'A', 9),
(65141, 1, 'B', 9),
(65142, 2, 'B', 9),
(65143, 3, 'B', 9),
(65144, 4, 'B', 9),
(65145, 5, 'B', 9),
(65146, 6, 'B', 9),
(65147, 7, 'B', 9),
(65148, 8, 'B', 9),
(65149, 9, 'B', 9),
(65150, 10, 'B', 9),
(65151, 1, 'C', 9),
(65152, 2, 'C', 9),
(65153, 3, 'C', 9),
(65154, 4, 'C', 9),
(65155, 5, 'C', 9),
(65156, 6, 'C', 9),
(65157, 7, 'C', 9),
(65158, 8, 'C', 9),
(65159, 9, 'C', 9),
(65160, 10, 'C', 9),
(65161, 1, 'D', 9),
(65162, 2, 'D', 9),
(65163, 3, 'D', 9),
(65164, 4, 'D', 9),
(65165, 5, 'D', 9),
(65166, 6, 'D', 9),
(65167, 7, 'D', 9),
(65168, 8, 'D', 9),
(65169, 9, 'D', 9),
(65170, 10, 'D', 9),
(65171, 1, 'E', 9),
(65172, 2, 'E', 9),
(65173, 3, 'E', 9),
(65174, 4, 'E', 9),
(65175, 5, 'E', 9),
(65176, 6, 'E', 9),
(65177, 7, 'E', 9),
(65178, 8, 'E', 9),
(65179, 9, 'E', 9),
(65180, 10, 'E', 9),
(65181, 1, 'F', 9),
(65182, 2, 'F', 9),
(65183, 3, 'F', 9),
(65184, 4, 'F', 9),
(65185, 5, 'F', 9),
(65186, 6, 'F', 9),
(65187, 7, 'F', 9),
(65188, 8, 'F', 9),
(65189, 9, 'F', 9),
(65190, 10, 'F', 9),
(65191, 1, 'G', 9),
(65192, 2, 'G', 9),
(65193, 3, 'G', 9),
(65194, 4, 'G', 9),
(65195, 5, 'G', 9),
(65196, 6, 'G', 9),
(65197, 7, 'G', 9),
(65198, 8, 'G', 9),
(65199, 9, 'G', 9),
(65200, 10, 'G', 9),
(65201, 1, 'H', 9),
(65202, 2, 'H', 9),
(65203, 3, 'H', 9),
(65204, 4, 'H', 9),
(65205, 5, 'H', 9),
(65206, 6, 'H', 9),
(65207, 7, 'H', 9),
(65208, 8, 'H', 9),
(65209, 9, 'H', 9),
(65210, 10, 'H', 9),
(65211, 1, 'I', 9),
(65212, 2, 'I', 9),
(65213, 3, 'I', 9),
(65214, 4, 'I', 9),
(65215, 5, 'I', 9),
(65216, 6, 'I', 9),
(65217, 7, 'I', 9),
(65218, 8, 'I', 9),
(65219, 9, 'I', 9),
(65220, 10, 'I', 9),
(65221, 1, 'J', 9),
(65222, 2, 'J', 9),
(65223, 3, 'J', 9),
(65224, 4, 'J', 9),
(65225, 5, 'J', 9),
(65226, 6, 'J', 9),
(65227, 7, 'J', 9),
(65228, 8, 'J', 9),
(65229, 9, 'J', 9),
(65230, 10, 'J', 9),
(65231, 1, 'K', 9),
(65232, 2, 'K', 9),
(65233, 3, 'K', 9),
(65234, 4, 'K', 9),
(65235, 5, 'K', 9),
(65236, 6, 'K', 9),
(65237, 7, 'K', 9),
(65238, 8, 'K', 9),
(65239, 9, 'K', 9),
(65240, 10, 'K', 9),
(65241, 1, 'L', 9),
(65242, 2, 'L', 9),
(65243, 3, 'L', 9),
(65244, 4, 'L', 9),
(65245, 5, 'L', 9),
(65246, 6, 'L', 9),
(65247, 7, 'L', 9),
(65248, 8, 'L', 9),
(65249, 9, 'L', 9),
(65250, 10, 'L', 9),
(65251, 1, 'M', 9),
(65252, 2, 'M', 9),
(65253, 3, 'M', 9),
(65254, 4, 'M', 9),
(65255, 5, 'M', 9),
(65256, 6, 'M', 9),
(65257, 7, 'M', 9),
(65258, 8, 'M', 9),
(65259, 9, 'M', 9),
(65260, 10, 'M', 9),
(65261, 1, 'N', 9),
(65262, 2, 'N', 9),
(65263, 3, 'N', 9),
(65264, 4, 'N', 9),
(65265, 5, 'N', 9),
(65266, 6, 'N', 9),
(65267, 7, 'N', 9),
(65268, 8, 'N', 9),
(65269, 9, 'N', 9),
(65270, 10, 'N', 9),
(65271, 1, 'O', 9),
(65272, 2, 'O', 9),
(65273, 3, 'O', 9),
(65274, 4, 'O', 9),
(65275, 5, 'O', 9),
(65276, 6, 'O', 9),
(65277, 7, 'O', 9),
(65278, 8, 'O', 9),
(65279, 9, 'O', 9),
(65280, 10, 'O', 9),
(65281, 1, 'P', 9),
(65282, 2, 'P', 9),
(65283, 3, 'P', 9),
(65284, 4, 'P', 9),
(65285, 5, 'P', 9),
(65286, 6, 'P', 9),
(65287, 7, 'P', 9),
(65288, 8, 'P', 9),
(65289, 9, 'P', 9),
(65290, 10, 'P', 9),
(65291, 1, 'Q', 9),
(65292, 2, 'Q', 9),
(65293, 3, 'Q', 9),
(65294, 4, 'Q', 9),
(65295, 5, 'Q', 9),
(65296, 6, 'Q', 9),
(65297, 7, 'Q', 9),
(65298, 8, 'Q', 9),
(65299, 9, 'Q', 9),
(65300, 10, 'Q', 9),
(65301, 1, 'R', 9),
(65302, 2, 'R', 9),
(65303, 3, 'R', 9),
(65304, 4, 'R', 9),
(65305, 5, 'R', 9),
(65306, 6, 'R', 9),
(65307, 7, 'R', 9),
(65308, 8, 'R', 9),
(65309, 9, 'R', 9),
(65310, 10, 'R', 9),
(65311, 1, 'S', 9),
(65312, 2, 'S', 9),
(65313, 3, 'S', 9),
(65314, 4, 'S', 9),
(65315, 5, 'S', 9),
(65316, 6, 'S', 9),
(65317, 7, 'S', 9),
(65318, 8, 'S', 9),
(65319, 9, 'S', 9),
(65320, 10, 'S', 9),
(65321, 1, 'T', 9),
(65322, 2, 'T', 9),
(65323, 3, 'T', 9),
(65324, 4, 'T', 9),
(65325, 5, 'T', 9),
(65326, 6, 'T', 9),
(65327, 7, 'T', 9),
(65328, 8, 'T', 9),
(65329, 9, 'T', 9),
(65330, 10, 'T', 9),
(65331, 1, 'U', 9),
(65332, 2, 'U', 9),
(65333, 3, 'U', 9),
(65334, 4, 'U', 9),
(65335, 5, 'U', 9),
(65336, 6, 'U', 9),
(65337, 7, 'U', 9),
(65338, 8, 'U', 9),
(65339, 9, 'U', 9),
(65340, 10, 'U', 9),
(65341, 1, 'V', 9),
(65342, 2, 'V', 9),
(65343, 3, 'V', 9),
(65344, 4, 'V', 9),
(65345, 5, 'V', 9),
(65346, 6, 'V', 9),
(65347, 7, 'V', 9),
(65348, 8, 'V', 9),
(65349, 9, 'V', 9),
(65350, 10, 'V', 9),
(65351, 1, 'W', 9),
(65352, 2, 'W', 9),
(65353, 3, 'W', 9),
(65354, 4, 'W', 9),
(65355, 5, 'W', 9),
(65356, 6, 'W', 9),
(65357, 7, 'W', 9),
(65358, 8, 'W', 9),
(65359, 9, 'W', 9),
(65360, 10, 'W', 9),
(65361, 1, 'X', 9),
(65362, 2, 'X', 9),
(65363, 3, 'X', 9),
(65364, 4, 'X', 9),
(65365, 5, 'X', 9),
(65366, 6, 'X', 9),
(65367, 7, 'X', 9),
(65368, 8, 'X', 9),
(65369, 9, 'X', 9),
(65370, 10, 'X', 9),
(65371, 1, 'Y', 9),
(65372, 2, 'Y', 9),
(65373, 3, 'Y', 9),
(65374, 4, 'Y', 9),
(65375, 5, 'Y', 9),
(65376, 6, 'Y', 9),
(65377, 7, 'Y', 9),
(65378, 8, 'Y', 9),
(65379, 9, 'Y', 9),
(65380, 10, 'Y', 9),
(65381, 1, 'A', 13),
(65382, 2, 'A', 13),
(65383, 3, 'A', 13),
(65384, 4, 'A', 13),
(65385, 5, 'A', 13),
(65386, 6, 'A', 13),
(65387, 7, 'A', 13),
(65388, 8, 'A', 13),
(65389, 9, 'A', 13),
(65390, 10, 'A', 13),
(65391, 1, 'B', 13),
(65392, 2, 'B', 13),
(65393, 3, 'B', 13),
(65394, 4, 'B', 13),
(65395, 5, 'B', 13),
(65396, 6, 'B', 13),
(65397, 7, 'B', 13),
(65398, 8, 'B', 13),
(65399, 9, 'B', 13),
(65400, 10, 'B', 13),
(65401, 1, 'C', 13),
(65402, 2, 'C', 13),
(65403, 3, 'C', 13),
(65404, 4, 'C', 13),
(65405, 5, 'C', 13),
(65406, 6, 'C', 13),
(65407, 7, 'C', 13),
(65408, 8, 'C', 13),
(65409, 9, 'C', 13),
(65410, 10, 'C', 13),
(65411, 1, 'D', 13),
(65412, 2, 'D', 13),
(65413, 3, 'D', 13),
(65414, 4, 'D', 13),
(65415, 5, 'D', 13),
(65416, 6, 'D', 13),
(65417, 7, 'D', 13),
(65418, 8, 'D', 13),
(65419, 9, 'D', 13),
(65420, 10, 'D', 13),
(65421, 1, 'E', 13),
(65422, 2, 'E', 13),
(65423, 3, 'E', 13),
(65424, 4, 'E', 13),
(65425, 5, 'E', 13),
(65426, 6, 'E', 13),
(65427, 7, 'E', 13),
(65428, 8, 'E', 13),
(65429, 9, 'E', 13),
(65430, 10, 'E', 13),
(65431, 1, 'F', 13),
(65432, 2, 'F', 13),
(65433, 3, 'F', 13),
(65434, 4, 'F', 13),
(65435, 5, 'F', 13),
(65436, 6, 'F', 13),
(65437, 7, 'F', 13),
(65438, 8, 'F', 13),
(65439, 9, 'F', 13),
(65440, 10, 'F', 13),
(65441, 1, 'G', 13),
(65442, 2, 'G', 13),
(65443, 3, 'G', 13),
(65444, 4, 'G', 13),
(65445, 5, 'G', 13),
(65446, 6, 'G', 13),
(65447, 7, 'G', 13),
(65448, 8, 'G', 13),
(65449, 9, 'G', 13),
(65450, 10, 'G', 13),
(65451, 1, 'H', 13),
(65452, 2, 'H', 13),
(65453, 3, 'H', 13),
(65454, 4, 'H', 13),
(65455, 5, 'H', 13),
(65456, 6, 'H', 13),
(65457, 7, 'H', 13),
(65458, 8, 'H', 13),
(65459, 9, 'H', 13),
(65460, 10, 'H', 13),
(65461, 1, 'I', 13),
(65462, 2, 'I', 13),
(65463, 3, 'I', 13),
(65464, 4, 'I', 13),
(65465, 5, 'I', 13),
(65466, 6, 'I', 13),
(65467, 7, 'I', 13),
(65468, 8, 'I', 13),
(65469, 9, 'I', 13),
(65470, 10, 'I', 13),
(65471, 1, 'J', 13),
(65472, 2, 'J', 13),
(65473, 3, 'J', 13),
(65474, 4, 'J', 13),
(65475, 5, 'J', 13),
(65476, 6, 'J', 13),
(65477, 7, 'J', 13),
(65478, 8, 'J', 13),
(65479, 9, 'J', 13),
(65480, 10, 'J', 13),
(65481, 1, 'K', 13),
(65482, 2, 'K', 13),
(65483, 3, 'K', 13),
(65484, 4, 'K', 13),
(65485, 5, 'K', 13),
(65486, 6, 'K', 13),
(65487, 7, 'K', 13),
(65488, 8, 'K', 13),
(65489, 9, 'K', 13),
(65490, 10, 'K', 13),
(65491, 1, 'L', 13),
(65492, 2, 'L', 13),
(65493, 3, 'L', 13),
(65494, 4, 'L', 13),
(65495, 5, 'L', 13),
(65496, 6, 'L', 13),
(65497, 7, 'L', 13),
(65498, 8, 'L', 13),
(65499, 9, 'L', 13),
(65500, 10, 'L', 13),
(65501, 1, 'M', 13),
(65502, 2, 'M', 13),
(65503, 3, 'M', 13),
(65504, 4, 'M', 13),
(65505, 5, 'M', 13),
(65506, 6, 'M', 13),
(65507, 7, 'M', 13),
(65508, 8, 'M', 13),
(65509, 9, 'M', 13),
(65510, 10, 'M', 13),
(65511, 1, 'N', 13),
(65512, 2, 'N', 13),
(65513, 3, 'N', 13),
(65514, 4, 'N', 13),
(65515, 5, 'N', 13),
(65516, 6, 'N', 13),
(65517, 7, 'N', 13),
(65518, 8, 'N', 13),
(65519, 9, 'N', 13),
(65520, 10, 'N', 13),
(65521, 1, 'O', 13),
(65522, 2, 'O', 13),
(65523, 3, 'O', 13),
(65524, 4, 'O', 13),
(65525, 5, 'O', 13),
(65526, 6, 'O', 13),
(65527, 7, 'O', 13),
(65528, 8, 'O', 13),
(65529, 9, 'O', 13),
(65530, 10, 'O', 13),
(65531, 1, 'P', 13),
(65532, 2, 'P', 13),
(65533, 3, 'P', 13),
(65534, 4, 'P', 13),
(65535, 5, 'P', 13),
(65536, 6, 'P', 13),
(65537, 7, 'P', 13),
(65538, 8, 'P', 13),
(65539, 9, 'P', 13),
(65540, 10, 'P', 13),
(65541, 1, 'Q', 13),
(65542, 2, 'Q', 13),
(65543, 3, 'Q', 13),
(65544, 4, 'Q', 13),
(65545, 5, 'Q', 13),
(65546, 6, 'Q', 13),
(65547, 7, 'Q', 13),
(65548, 8, 'Q', 13),
(65549, 9, 'Q', 13),
(65550, 10, 'Q', 13),
(65551, 1, 'R', 13),
(65552, 2, 'R', 13),
(65553, 3, 'R', 13),
(65554, 4, 'R', 13),
(65555, 5, 'R', 13),
(65556, 6, 'R', 13),
(65557, 7, 'R', 13),
(65558, 8, 'R', 13),
(65559, 9, 'R', 13),
(65560, 10, 'R', 13),
(65561, 1, 'S', 13),
(65562, 2, 'S', 13),
(65563, 3, 'S', 13),
(65564, 4, 'S', 13),
(65565, 5, 'S', 13),
(65566, 6, 'S', 13),
(65567, 7, 'S', 13),
(65568, 8, 'S', 13),
(65569, 9, 'S', 13),
(65570, 10, 'S', 13),
(65571, 1, 'T', 13),
(65572, 2, 'T', 13),
(65573, 3, 'T', 13),
(65574, 4, 'T', 13),
(65575, 5, 'T', 13),
(65576, 6, 'T', 13),
(65577, 7, 'T', 13),
(65578, 8, 'T', 13),
(65579, 9, 'T', 13),
(65580, 10, 'T', 13),
(65581, 1, 'U', 13),
(65582, 2, 'U', 13),
(65583, 3, 'U', 13),
(65584, 4, 'U', 13),
(65585, 5, 'U', 13),
(65586, 6, 'U', 13),
(65587, 7, 'U', 13),
(65588, 8, 'U', 13),
(65589, 9, 'U', 13),
(65590, 10, 'U', 13),
(65591, 1, 'V', 13),
(65592, 2, 'V', 13),
(65593, 3, 'V', 13),
(65594, 4, 'V', 13),
(65595, 5, 'V', 13),
(65596, 6, 'V', 13),
(65597, 7, 'V', 13),
(65598, 8, 'V', 13),
(65599, 9, 'V', 13),
(65600, 10, 'V', 13),
(65601, 1, 'W', 13),
(65602, 2, 'W', 13),
(65603, 3, 'W', 13),
(65604, 4, 'W', 13),
(65605, 5, 'W', 13),
(65606, 6, 'W', 13),
(65607, 7, 'W', 13),
(65608, 8, 'W', 13),
(65609, 9, 'W', 13),
(65610, 10, 'W', 13),
(65611, 1, 'X', 13),
(65612, 2, 'X', 13),
(65613, 3, 'X', 13),
(65614, 4, 'X', 13),
(65615, 5, 'X', 13),
(65616, 6, 'X', 13),
(65617, 7, 'X', 13),
(65618, 8, 'X', 13),
(65619, 9, 'X', 13),
(65620, 10, 'X', 13),
(65621, 1, 'Y', 13),
(65622, 2, 'Y', 13),
(65623, 3, 'Y', 13),
(65624, 4, 'Y', 13),
(65625, 5, 'Y', 13),
(65626, 6, 'Y', 13),
(65627, 7, 'Y', 13),
(65628, 8, 'Y', 13),
(65629, 9, 'Y', 13),
(65630, 10, 'Y', 13),
(65631, 1, 'A', 14),
(65632, 2, 'A', 14),
(65633, 3, 'A', 14),
(65634, 4, 'A', 14),
(65635, 5, 'A', 14),
(65636, 6, 'A', 14),
(65637, 7, 'A', 14),
(65638, 8, 'A', 14),
(65639, 9, 'A', 14),
(65640, 10, 'A', 14),
(65641, 1, 'B', 14),
(65642, 2, 'B', 14),
(65643, 3, 'B', 14),
(65644, 4, 'B', 14),
(65645, 5, 'B', 14),
(65646, 6, 'B', 14),
(65647, 7, 'B', 14),
(65648, 8, 'B', 14),
(65649, 9, 'B', 14),
(65650, 10, 'B', 14),
(65651, 1, 'C', 14),
(65652, 2, 'C', 14),
(65653, 3, 'C', 14),
(65654, 4, 'C', 14),
(65655, 5, 'C', 14),
(65656, 6, 'C', 14),
(65657, 7, 'C', 14),
(65658, 8, 'C', 14),
(65659, 9, 'C', 14),
(65660, 10, 'C', 14),
(65661, 1, 'D', 14),
(65662, 2, 'D', 14),
(65663, 3, 'D', 14),
(65664, 4, 'D', 14),
(65665, 5, 'D', 14),
(65666, 6, 'D', 14),
(65667, 7, 'D', 14),
(65668, 8, 'D', 14),
(65669, 9, 'D', 14),
(65670, 10, 'D', 14),
(65671, 1, 'E', 14),
(65672, 2, 'E', 14),
(65673, 3, 'E', 14),
(65674, 4, 'E', 14),
(65675, 5, 'E', 14),
(65676, 6, 'E', 14),
(65677, 7, 'E', 14),
(65678, 8, 'E', 14),
(65679, 9, 'E', 14),
(65680, 10, 'E', 14),
(65681, 1, 'F', 14),
(65682, 2, 'F', 14),
(65683, 3, 'F', 14),
(65684, 4, 'F', 14),
(65685, 5, 'F', 14),
(65686, 6, 'F', 14),
(65687, 7, 'F', 14),
(65688, 8, 'F', 14),
(65689, 9, 'F', 14),
(65690, 10, 'F', 14),
(65691, 1, 'G', 14),
(65692, 2, 'G', 14),
(65693, 3, 'G', 14),
(65694, 4, 'G', 14),
(65695, 5, 'G', 14),
(65696, 6, 'G', 14),
(65697, 7, 'G', 14),
(65698, 8, 'G', 14),
(65699, 9, 'G', 14),
(65700, 10, 'G', 14),
(65701, 1, 'H', 14),
(65702, 2, 'H', 14),
(65703, 3, 'H', 14),
(65704, 4, 'H', 14),
(65705, 5, 'H', 14),
(65706, 6, 'H', 14),
(65707, 7, 'H', 14),
(65708, 8, 'H', 14),
(65709, 9, 'H', 14),
(65710, 10, 'H', 14),
(65711, 1, 'I', 14),
(65712, 2, 'I', 14),
(65713, 3, 'I', 14),
(65714, 4, 'I', 14),
(65715, 5, 'I', 14),
(65716, 6, 'I', 14),
(65717, 7, 'I', 14),
(65718, 8, 'I', 14),
(65719, 9, 'I', 14),
(65720, 10, 'I', 14),
(65721, 1, 'J', 14),
(65722, 2, 'J', 14),
(65723, 3, 'J', 14),
(65724, 4, 'J', 14),
(65725, 5, 'J', 14),
(65726, 6, 'J', 14),
(65727, 7, 'J', 14),
(65728, 8, 'J', 14),
(65729, 9, 'J', 14),
(65730, 10, 'J', 14),
(65731, 1, 'K', 14),
(65732, 2, 'K', 14),
(65733, 3, 'K', 14),
(65734, 4, 'K', 14),
(65735, 5, 'K', 14),
(65736, 6, 'K', 14),
(65737, 7, 'K', 14),
(65738, 8, 'K', 14),
(65739, 9, 'K', 14),
(65740, 10, 'K', 14),
(65741, 1, 'L', 14),
(65742, 2, 'L', 14),
(65743, 3, 'L', 14),
(65744, 4, 'L', 14),
(65745, 5, 'L', 14),
(65746, 6, 'L', 14),
(65747, 7, 'L', 14),
(65748, 8, 'L', 14),
(65749, 9, 'L', 14),
(65750, 10, 'L', 14),
(65751, 1, 'M', 14),
(65752, 2, 'M', 14),
(65753, 3, 'M', 14),
(65754, 4, 'M', 14),
(65755, 5, 'M', 14),
(65756, 6, 'M', 14),
(65757, 7, 'M', 14),
(65758, 8, 'M', 14),
(65759, 9, 'M', 14),
(65760, 10, 'M', 14),
(65761, 1, 'N', 14),
(65762, 2, 'N', 14),
(65763, 3, 'N', 14),
(65764, 4, 'N', 14),
(65765, 5, 'N', 14),
(65766, 6, 'N', 14),
(65767, 7, 'N', 14),
(65768, 8, 'N', 14),
(65769, 9, 'N', 14),
(65770, 10, 'N', 14),
(65771, 1, 'O', 14),
(65772, 2, 'O', 14),
(65773, 3, 'O', 14),
(65774, 4, 'O', 14),
(65775, 5, 'O', 14),
(65776, 6, 'O', 14),
(65777, 7, 'O', 14),
(65778, 8, 'O', 14),
(65779, 9, 'O', 14),
(65780, 10, 'O', 14),
(65781, 1, 'P', 14),
(65782, 2, 'P', 14),
(65783, 3, 'P', 14),
(65784, 4, 'P', 14),
(65785, 5, 'P', 14),
(65786, 6, 'P', 14),
(65787, 7, 'P', 14),
(65788, 8, 'P', 14),
(65789, 9, 'P', 14),
(65790, 10, 'P', 14),
(65791, 1, 'Q', 14),
(65792, 2, 'Q', 14),
(65793, 3, 'Q', 14),
(65794, 4, 'Q', 14),
(65795, 5, 'Q', 14),
(65796, 6, 'Q', 14),
(65797, 7, 'Q', 14),
(65798, 8, 'Q', 14),
(65799, 9, 'Q', 14),
(65800, 10, 'Q', 14),
(65801, 1, 'R', 14),
(65802, 2, 'R', 14),
(65803, 3, 'R', 14),
(65804, 4, 'R', 14),
(65805, 5, 'R', 14),
(65806, 6, 'R', 14),
(65807, 7, 'R', 14),
(65808, 8, 'R', 14),
(65809, 9, 'R', 14),
(65810, 10, 'R', 14),
(65811, 1, 'S', 14),
(65812, 2, 'S', 14),
(65813, 3, 'S', 14),
(65814, 4, 'S', 14),
(65815, 5, 'S', 14),
(65816, 6, 'S', 14),
(65817, 7, 'S', 14),
(65818, 8, 'S', 14),
(65819, 9, 'S', 14),
(65820, 10, 'S', 14),
(65821, 1, 'T', 14),
(65822, 2, 'T', 14),
(65823, 3, 'T', 14),
(65824, 4, 'T', 14),
(65825, 5, 'T', 14),
(65826, 6, 'T', 14),
(65827, 7, 'T', 14),
(65828, 8, 'T', 14),
(65829, 9, 'T', 14),
(65830, 10, 'T', 14),
(65831, 1, 'U', 14),
(65832, 2, 'U', 14),
(65833, 3, 'U', 14),
(65834, 4, 'U', 14),
(65835, 5, 'U', 14),
(65836, 6, 'U', 14),
(65837, 7, 'U', 14),
(65838, 8, 'U', 14),
(65839, 9, 'U', 14),
(65840, 10, 'U', 14),
(65841, 1, 'V', 14),
(65842, 2, 'V', 14),
(65843, 3, 'V', 14),
(65844, 4, 'V', 14),
(65845, 5, 'V', 14),
(65846, 6, 'V', 14),
(65847, 7, 'V', 14),
(65848, 8, 'V', 14),
(65849, 9, 'V', 14),
(65850, 10, 'V', 14),
(65851, 1, 'W', 14),
(65852, 2, 'W', 14),
(65853, 3, 'W', 14),
(65854, 4, 'W', 14),
(65855, 5, 'W', 14),
(65856, 6, 'W', 14),
(65857, 7, 'W', 14),
(65858, 8, 'W', 14),
(65859, 9, 'W', 14),
(65860, 10, 'W', 14),
(65861, 1, 'X', 14),
(65862, 2, 'X', 14),
(65863, 3, 'X', 14),
(65864, 4, 'X', 14),
(65865, 5, 'X', 14),
(65866, 6, 'X', 14),
(65867, 7, 'X', 14),
(65868, 8, 'X', 14),
(65869, 9, 'X', 14),
(65870, 10, 'X', 14),
(65871, 1, 'Y', 14),
(65872, 2, 'Y', 14),
(65873, 3, 'Y', 14),
(65874, 4, 'Y', 14),
(65875, 5, 'Y', 14),
(65876, 6, 'Y', 14),
(65877, 7, 'Y', 14),
(65878, 8, 'Y', 14),
(65879, 9, 'Y', 14),
(65880, 10, 'Y', 14);

-- --------------------------------------------------------

--
-- Estructura de tabla para la tabla `categoria`
--

CREATE TABLE `categoria` (
  `idCategoria` int(11) NOT NULL,
  `nombre` varchar(45) NOT NULL,
  `imagen` varchar(100) NOT NULL
) ENGINE=InnoDB DEFAULT CHARSET=utf8 COLLATE=utf8_general_ci;

--
-- Volcado de datos para la tabla `categoria`
--

INSERT INTO `categoria` (`idCategoria`, `nombre`, `imagen`) VALUES
(1, 'Conciertos', ''),
(2, 'Festivales', ''),
(3, 'Conferencias y ', ''),
(4, 'Eventos Cultura', ''),
(5, 'Comedia y Stand', ''),
(6, 'Ocio y Fantasia', '');

-- --------------------------------------------------------

--
-- Estructura de tabla para la tabla `ciudad`
--

CREATE TABLE `ciudad` (
  `idciudad` int(11) NOT NULL,
  `nombre` varchar(45) NOT NULL,
  `imagen` varchar(100) NOT NULL
) ENGINE=InnoDB DEFAULT CHARSET=utf8 COLLATE=utf8_general_ci;

--
-- Volcado de datos para la tabla `ciudad`
--

INSERT INTO `ciudad` (`idciudad`, `nombre`, `imagen`) VALUES
(1, 'Bogota', ''),
(2, 'Cartagena', ''),
(3, 'Bucaramanga', ''),
(4, 'Medellin', ''),
(5, 'Cali', ''),
(6, 'Barranquilla', ''),
(7, 'Pasto', ''),
(8, 'Pereira', ''),
(9, 'Manizales', ''),
(10, 'Tunja', '');

-- --------------------------------------------------------

--
-- Estructura de tabla para la tabla `cliente`
--

CREATE TABLE `cliente` (
  `idCliente` int(11) NOT NULL,
  `cc` bigint(20) NOT NULL,
  `nombre` varchar(45) NOT NULL,
  `apellidos` varchar(45) NOT NULL,
  `telefono` varchar(45) NOT NULL,
  `email` varchar(100) NOT NULL,
  `password` varchar(45) NOT NULL
) ENGINE=InnoDB DEFAULT CHARSET=utf8 COLLATE=utf8_general_ci;

--
-- Volcado de datos para la tabla `cliente`
--

INSERT INTO `cliente` (`idCliente`, `cc`, `nombre`, `apellidos`, `telefono`, `email`, `password`) VALUES
(1, 1010961040, 'Edward', 'Castillo', '30280219767', 'edwcastillo230@gmail.com', '6b5e311f642752e9c687eeb4ee9e05d8');

-- --------------------------------------------------------

--
-- Estructura de tabla para la tabla `evento`
--

CREATE TABLE `evento` (
  `idEvento` int(11) NOT NULL,
  `sitio` varchar(100) NOT NULL,
  `flayer` varchar(100) NOT NULL,
  `logo` varchar(100) NOT NULL,
  `edadMinima` int(2) NOT NULL,
  `nombre` varchar(100) NOT NULL,
  `fechaEvento` date NOT NULL,
  `horaEvento` time NOT NULL,
  `Proveedor_idProveedor` int(11) NOT NULL,
  `ciudad_idciudad` int(11) NOT NULL,
  `Categoria_idCategoria` int(11) NOT NULL
) ENGINE=InnoDB DEFAULT CHARSET=utf8 COLLATE=utf8_general_ci;

--
-- Volcado de datos para la tabla `evento`
--

INSERT INTO `evento` (`idEvento`, `sitio`, `flayer`, `logo`, `edadMinima`, `nombre`, `fechaEvento`, `horaEvento`, `Proveedor_idProveedor`, `ciudad_idciudad`, `Categoria_idCategoria`) VALUES
(1, 'Movistar Arena', '0', '', 20, 'Gira Rata Blanca', '2024-10-20', '20:00:00', 1, 1, 1),
(2, 'Movistar Arena', '0', '', 18, 'Gira Rata Blanca', '2024-10-31', '20:00:00', 1, 1, 1),
(3, 'Movistar Arena', '', '', 10, 'Concierto Armonica', '2024-10-31', '16:00:00', 1, 1, 1),
(4, 'Movistar Arena', '', '', 10, 'Festival de la salchipapa', '2024-10-28', '12:00:00', 1, 1, 4),
(5, 'Movistar Arena', '', '', 18, 'Acidez en vivo', '2024-10-24', '18:30:00', 1, 1, 1),
(6, 'Teatro Colón', '', '', 21, 'Rock en tu idioma', '2024-11-05', '20:00:00', 1, 1, 1),
(137374, 'movistar Arena', 'defaultFlayer.png', 'defaultLogo.png', 18, 'Yeisson Jimenez', '2024-10-31', '06:00:00', 1, 1, 1);

-- --------------------------------------------------------

--
-- Estructura de tabla para la tabla `eventozona`
--

CREATE TABLE `eventozona` (
  `valor` decimal(10,0) NOT NULL,
  `afoto` int(11) NOT NULL,
  `Evento_idEvento` int(11) NOT NULL,
  `Zona_idZona` int(11) NOT NULL
) ENGINE=InnoDB DEFAULT CHARSET=utf8 COLLATE=utf8_general_ci;

--
-- Volcado de datos para la tabla `eventozona`
--

INSERT INTO `eventozona` (`valor`, `afoto`, `Evento_idEvento`, `Zona_idZona`) VALUES
(300000, 260, 1, 1),
(8000000, 260, 1, 3),
(20000, 260, 1, 4),
(45667788, 260, 1, 7),
(2000000, 260, 1, 9),
(40000, 260, 1, 13),
(50000, 260, 1, 14),
(40000, 260, 137374, 1);

-- --------------------------------------------------------

--
-- Estructura de tabla para la tabla `factura`
--

CREATE TABLE `factura` (
  `idFactura` int(11) NOT NULL,
  `precioTotal` varchar(45) NOT NULL,
  `cantidadTotal` varchar(45) NOT NULL,
  `IVA` int(11) NOT NULL,
  `Cliente_idCliente` int(11) NOT NULL
) ENGINE=InnoDB DEFAULT CHARSET=utf8 COLLATE=utf8_general_ci;

--
-- Volcado de datos para la tabla `factura`
--

INSERT INTO `factura` (`idFactura`, `precioTotal`, `cantidadTotal`, `IVA`, `Cliente_idCliente`) VALUES
(8, '300000', '1', 0, 1),
(9, '40000', '1', 0, 1);

-- --------------------------------------------------------

--
-- Estructura de tabla para la tabla `proveedor`
--

CREATE TABLE `proveedor` (
  `idProveedor` int(11) NOT NULL,
  `nit` bigint(20) NOT NULL,
  `nombre` varchar(45) NOT NULL,
  `apellido` varchar(45) NOT NULL,
  `password` varchar(45) NOT NULL,
  `telefono` bigint(20) NOT NULL,
  `email` varchar(45) NOT NULL
) ENGINE=InnoDB DEFAULT CHARSET=utf8 COLLATE=utf8_general_ci;

--
-- Volcado de datos para la tabla `proveedor`
--

INSERT INTO `proveedor` (`idProveedor`, `nit`, `nombre`, `apellido`, `password`, `telefono`, `email`) VALUES
(1, 1010961040, 'Edward', 'Castillo', '202cb962ac59075b964b07152d234b70', 3028021967, 'egcastillob@udistrital.edu.co');

-- --------------------------------------------------------

--
-- Estructura de tabla para la tabla `ticket`
--

CREATE TABLE `ticket` (
  `idTicket` int(11) NOT NULL,
  `valor` double NOT NULL,
  `Cliente_idCliente` int(11) NOT NULL,
  `Factura_idFactura` int(11) NOT NULL,
  `EventoZona_Evento_idEvento` int(11) NOT NULL,
  `EventoZona_Zona_idZona` int(11) NOT NULL,
  `Asiento_idAsiento` int(11) NOT NULL
) ENGINE=InnoDB DEFAULT CHARSET=utf8 COLLATE=utf8_general_ci;

--
-- Volcado de datos para la tabla `ticket`
--

INSERT INTO `ticket` (`idTicket`, `valor`, `Cliente_idCliente`, `Factura_idFactura`, `EventoZona_Evento_idEvento`, `EventoZona_Zona_idZona`, `Asiento_idAsiento`) VALUES
(3, 300000, 1, 8, 1, 1, 1),
(4, 40000, 1, 9, 137374, 1, 1);

-- --------------------------------------------------------

--
-- Estructura de tabla para la tabla `zona`
--

CREATE TABLE `zona` (
  `idZona` int(11) NOT NULL,
  `nombre` varchar(45) NOT NULL,
  `color` varchar(16) NOT NULL
) ENGINE=InnoDB DEFAULT CHARSET=utf8 COLLATE=utf8_general_ci;

--
-- Volcado de datos para la tabla `zona`
--

INSERT INTO `zona` (`idZona`, `nombre`, `color`) VALUES
(1, 'Platea', '#DFFF00'),
(2, 'Palcos planito', '#FFBF00'),
(3, 'Palcos oro', '#FF7F50'),
(4, 'Tribuna', '#DE3163'),
(5, 'Zona 2', '#9FE2BF'),
(6, 'Zona 3', '#40E0D0'),
(7, 'Zona 4', '#6495ED'),
(8, 'Zona 5', '#CCCCFF'),
(9, 'Zona 6', '#800000'),
(10, 'Zona 7', '#800080'),
(11, 'Zona 8', '#FF00FF'),
(12, 'Zona 9', '#000080'),
(13, 'Zona 10', '#008080'),
(14, 'Zona 11', '#FFD700'),
(15, 'Zona 12', '#808080'),
(16, 'Zona 13', '#008000'),
(17, 'Zona 14', '#FFA500');

--
-- Índices para tablas volcadas
--

--
-- Indices de la tabla `asiento`
--
ALTER TABLE `asiento`
  ADD PRIMARY KEY (`idAsiento`),
  ADD KEY `fk_Asiento_Zona1_idx` (`Zona_idZona`);

--
-- Indices de la tabla `categoria`
--
ALTER TABLE `categoria`
  ADD PRIMARY KEY (`idCategoria`);

--
-- Indices de la tabla `ciudad`
--
ALTER TABLE `ciudad`
  ADD PRIMARY KEY (`idciudad`);

--
-- Indices de la tabla `cliente`
--
ALTER TABLE `cliente`
  ADD PRIMARY KEY (`idCliente`);

--
-- Indices de la tabla `evento`
--
ALTER TABLE `evento`
  ADD PRIMARY KEY (`idEvento`),
  ADD KEY `fk_Evento_Proveedor1_idx` (`Proveedor_idProveedor`),
  ADD KEY `fk_Evento_ciudad1_idx` (`ciudad_idciudad`),
  ADD KEY `fk_Evento_Categoria1_idx` (`Categoria_idCategoria`);

--
-- Indices de la tabla `eventozona`
--
ALTER TABLE `eventozona`
  ADD PRIMARY KEY (`Evento_idEvento`,`Zona_idZona`),
  ADD KEY `fk_EventoZona_Zona1_idx` (`Zona_idZona`);

--
-- Indices de la tabla `factura`
--
ALTER TABLE `factura`
  ADD PRIMARY KEY (`idFactura`),
  ADD KEY `fk_Factura_Cliente1_idx` (`Cliente_idCliente`);

--
-- Indices de la tabla `proveedor`
--
ALTER TABLE `proveedor`
  ADD PRIMARY KEY (`idProveedor`);

--
-- Indices de la tabla `ticket`
--
ALTER TABLE `ticket`
  ADD PRIMARY KEY (`idTicket`),
  ADD KEY `fk_Ticket_Cliente1_idx` (`Cliente_idCliente`),
  ADD KEY `fk_Ticket_Factura1_idx` (`Factura_idFactura`),
  ADD KEY `fk_Ticket_EventoZona1_idx` (`EventoZona_Evento_idEvento`,`EventoZona_Zona_idZona`),
  ADD KEY `fk_Ticket_Asiento1_idx` (`Asiento_idAsiento`);

--
-- Indices de la tabla `zona`
--
ALTER TABLE `zona`
  ADD PRIMARY KEY (`idZona`);

--
-- AUTO_INCREMENT de las tablas volcadas
--

--
-- AUTO_INCREMENT de la tabla `asiento`
--
ALTER TABLE `asiento`
  MODIFY `idAsiento` int(11) NOT NULL AUTO_INCREMENT, AUTO_INCREMENT=65881;

--
-- AUTO_INCREMENT de la tabla `factura`
--
ALTER TABLE `factura`
  MODIFY `idFactura` int(11) NOT NULL AUTO_INCREMENT, AUTO_INCREMENT=10;

--
-- AUTO_INCREMENT de la tabla `ticket`
--
ALTER TABLE `ticket`
  MODIFY `idTicket` int(11) NOT NULL AUTO_INCREMENT, AUTO_INCREMENT=5;

--
-- Restricciones para tablas volcadas
--

--
-- Filtros para la tabla `asiento`
--
ALTER TABLE `asiento`
  ADD CONSTRAINT `fk_Asiento_Zona1` FOREIGN KEY (`Zona_idZona`) REFERENCES `zona` (`idZona`) ON DELETE NO ACTION ON UPDATE NO ACTION;

--
-- Filtros para la tabla `evento`
--
ALTER TABLE `evento`
  ADD CONSTRAINT `fk_Evento_Categoria1` FOREIGN KEY (`Categoria_idCategoria`) REFERENCES `categoria` (`idCategoria`) ON DELETE NO ACTION ON UPDATE NO ACTION,
  ADD CONSTRAINT `fk_Evento_Proveedor1` FOREIGN KEY (`Proveedor_idProveedor`) REFERENCES `proveedor` (`idProveedor`) ON DELETE NO ACTION ON UPDATE NO ACTION,
  ADD CONSTRAINT `fk_Evento_ciudad1` FOREIGN KEY (`ciudad_idciudad`) REFERENCES `ciudad` (`idciudad`) ON DELETE NO ACTION ON UPDATE NO ACTION;

--
-- Filtros para la tabla `eventozona`
--
ALTER TABLE `eventozona`
  ADD CONSTRAINT `fk_EventoZona_Evento1` FOREIGN KEY (`Evento_idEvento`) REFERENCES `evento` (`idEvento`) ON DELETE NO ACTION ON UPDATE NO ACTION,
  ADD CONSTRAINT `fk_EventoZona_Zona1` FOREIGN KEY (`Zona_idZona`) REFERENCES `zona` (`idZona`) ON DELETE NO ACTION ON UPDATE NO ACTION;

--
-- Filtros para la tabla `factura`
--
ALTER TABLE `factura`
  ADD CONSTRAINT `fk_Factura_Cliente1` FOREIGN KEY (`Cliente_idCliente`) REFERENCES `cliente` (`idCliente`) ON DELETE NO ACTION ON UPDATE NO ACTION;

--
-- Filtros para la tabla `ticket`
--
ALTER TABLE `ticket`
  ADD CONSTRAINT `fk_Ticket_Asiento1` FOREIGN KEY (`Asiento_idAsiento`) REFERENCES `asiento` (`idAsiento`) ON DELETE NO ACTION ON UPDATE NO ACTION,
  ADD CONSTRAINT `fk_Ticket_Cliente1` FOREIGN KEY (`Cliente_idCliente`) REFERENCES `cliente` (`idCliente`) ON DELETE NO ACTION ON UPDATE NO ACTION,
  ADD CONSTRAINT `fk_Ticket_EventoZona1` FOREIGN KEY (`EventoZona_Evento_idEvento`,`EventoZona_Zona_idZona`) REFERENCES `eventozona` (`Evento_idEvento`, `Zona_idZona`) ON DELETE NO ACTION ON UPDATE NO ACTION,
  ADD CONSTRAINT `fk_Ticket_Factura1` FOREIGN KEY (`Factura_idFactura`) REFERENCES `factura` (`idFactura`) ON DELETE NO ACTION ON UPDATE NO ACTION;
COMMIT;

/*!40101 SET CHARACTER_SET_CLIENT=@OLD_CHARACTER_SET_CLIENT */;
/*!40101 SET CHARACTER_SET_RESULTS=@OLD_CHARACTER_SET_RESULTS */;
/*!40101 SET COLLATION_CONNECTION=@OLD_COLLATION_CONNECTION */;
